Product_ID,Rating,Valid_Sales,Corrupted_Sales,Total_Sales,Valid_Orders,Corrupted_Orders,Total_Orders_Count,Valid_Orders_Quantity,Corrupted_Orders_Quantity,Total_Orders_Quantity,Product_Name,Category,Brand,Original_Price,Discount_Percent,Discount_Amount,Selling_Price,Stock_Quantity,Weight_kg,Avg_Rating,Total_Reviews
PROD000001,4.0,25312365.529999997,3407892.6,28720258.13,199,26,225,255,34,289,Samsung Mobile V5,Electronics,Samsung,130561.34,23,30029.11,100532.23,159,2.63,4.49,102
PROD000002,5.0,6451513.45,720190.8300000001,7171704.28,211,25,236,271,30,301,HP Laptop V5,Electronics,HP,36494.92,34,12408.27,24086.65,54,4.19,4.32,107
PROD000003,4.0,14649829.4,797491.03,15447320.43,197,13,210,240,13,253,boAt Headphones V2,Electronics,boAt,106587.94,42,44766.93,61821.01,638,1.48,4.31,99
PROD000004,4.0,12861410.73,1369563.3,14230974.030000001,239,28,267,301,32,333,Noise Watch V7,Electronics,Noise,81275.27,47,38199.38,43075.89,572,3.3,4.42,127
PROD000005,3.0,1689744.04,149282.80000000002,1839026.84,176,14,190,230,20,250,Apple iPhone V4,Electronics,Apple,13099.36,43,5632.72,7466.64,865,3.71,4.37,98
PROD000006,5.0,546850.5599999999,84206.53,631057.09,149,25,174,182,28,210,Levis Jeans V1,Fashion,Levis,3330.44,9,299.74,3030.7,380,2.64,4.47,81
PROD000007,4.0,1178784.8,104243.2,1283028.0,141,15,156,180,16,196,Peter England Shirt V8,Fashion,Peter,7504.54,12,900.54,6604.0,800,2.12,4.37,82
PROD000008,4.0,1023381.51,132976.86,1156358.37,181,22,203,231,30,261,Nike Shoes V2,Fashion,Nike,7210.81,38,2740.11,4470.7,321,1.71,4.29,104
PROD000009,4.0,818686.67,102208.09,920894.76,160,21,181,187,23,210,Titan Watch V10,Fashion,Titan,8545.82,48,4101.99,4443.83,266,0.82,4.52,94
PROD000010,4.0,1595953.13,184814.72,1780767.8499999999,156,20,176,198,23,221,Puma T-shirt V7,Fashion,Puma,12528.96,35,4385.14,8143.82,834,3.12,4.37,89
PROD000011,4.0,819335.46,89311.11,908646.57,87,11,98,110,12,122,IKEA Chair V1,Home,IKEA,13189.01,43,5671.27,7517.74,42,2.34,4.4,43
PROD000012,4.0,88864.94,9301.3,98166.24,107,13,120,133,14,147,Prestige Cooker V1,Home,Prestige,996.52,32,318.89,677.63,163,3.68,4.43,56
PROD000013,4.0,2776917.92,422093.36,3199011.28,125,18,143,157,24,181,Philips Mixer V4,Home,Philips,29812.39,40,11924.96,17887.43,177,4.68,4.31,61
PROD000014,5.0,1169907.65,170399.38,1340307.0299999998,111,13,124,131,19,150,Godrej Almirah V7,Home,Godrej,14780.06,39,5764.22,9015.84,622,3.93,4.37,62
PROD000015,4.0,3268879.1,329240.34,3598119.44,113,13,126,140,14,154,Urban Ladder Sofa V3,Home,Urban,43563.53,46,20039.22,23524.31,504,2.97,4.4,63
PROD000016,5.0,197936.15999999997,16696.289999999997,214632.44999999998,62,7,69,84,7,91,Lakme Lipstick V4,Beauty,Lakme,3116.2,23,716.73,2399.47,417,0.97,4.53,32
PROD000017,3.0,214036.66,17747.65,231784.31,49,5,54,61,5,66,Mamaearth Facewash V10,Beauty,Mamaearth,4175.92,15,626.39,3549.53,308,1.69,4.37,27
PROD000018,5.0,158180.82,15405.08,173585.9,63,8,71,82,8,90,Nivea Cream V5,Beauty,Nivea,2052.64,5,102.63,1950.01,931,1.77,4.31,32
PROD000019,5.0,42462.68,5246.460000000001,47709.14,59,7,66,74,9,83,Dove Soap V5,Beauty,Dove,910.85,36,327.91,582.94,399,1.65,4.5,34
PROD000020,4.0,110946.06,16094.220000000001,127040.28,40,5,45,49,7,56,Plum Serum V5,Beauty,Plum,2754.12,16,440.66,2313.46,301,4.7,4.28,18
PROD000021,4.0,2137548.12,286993.83,2424541.95,99,11,110,128,17,145,Nike T-shirt V3,Sports,Nike,26796.81,37,9914.82,16881.99,961,2.94,4.51,55
PROD000022,4.0,566821.83,68546.97,635368.7999999999,93,10,103,109,13,122,Puma Shoes V5,Sports,Puma,9771.64,46,4494.95,5276.69,660,3.03,4.59,44
PROD000023,4.0,153045.03999999998,19041.69,172086.72999999998,96,12,108,120,15,135,Decathlon Cycle V2,Sports,Decathlon,2277.36,43,979.26,1298.1,375,2.5,4.35,43
PROD000024,5.0,803777.1,101565.67,905342.77,89,11,100,104,13,117,Yoga Mat V7,Sports,Yoga,8685.1,10,868.51,7816.59,559,1.42,4.35,55
PROD000025,5.0,1807306.77,222029.78,2029336.55,89,11,100,115,14,129,Dumbbells V1,Sports,Dumbbells,21725.03,27,5865.76,15859.27,278,1.22,4.54,50
PROD000026,4.0,43813.77,5253.6,49067.369999999995,69,8,77,85,10,95,Fiction Novel V7,Books,Fiction,554.49,14,77.63,476.86,635,3.89,4.42,36
PROD000027,3.0,67542.24,3564.56,71106.8,58,4,62,76,4,80,NCERT Book V7,Books,NCERT,1171.78,22,257.79,913.99,201,4.66,4.46,35
PROD000028,4.0,34480.56,3956.85,38437.409999999996,63,7,70,78,9,87,Comics V10,Books,Comics,422.31,5,21.12,401.19,225,3.89,4.5,30
PROD000029,4.0,30804.29,3977.21,34781.5,63,7,70,79,11,90,Notebook V5,Books,Notebook,382.36,7,26.77,355.59,99,1.74,4.4,30
PROD000030,4.0,86446.56999999999,11814.699999999999,98261.26999999999,58,6,64,71,10,81,Stationery Set V7,Books,Stationery,1554.83,21,326.51,1228.32,251,3.48,4.19,32
PROD000031,4.0,54197.13,6226.43,60423.56,94,10,104,123,14,137,Aashirvaad Atta V6,Grocery,Aashirvaad,434.9,7,30.44,404.46,880,3.16,4.6,50
PROD000032,5.0,80629.09000000001,4053.5600000000004,84682.65000000001,110,6,116,141,7,148,Fortune Oil V4,Grocery,Fortune,793.26,27,214.18,579.08,58,2.02,4.41,58
PROD000033,4.0,101775.35,10558.36,112333.71,114,14,128,137,14,151,Lays Chips V8,Grocery,Lays,870.97,13,113.23,757.74,193,3.93,4.3,69
PROD000034,4.0,143254.07,8607.12,151861.19,105,8,113,135,8,143,Nescafe Coffee V1,Grocery,Nescafe,1956.17,45,880.28,1075.89,713,3.2,4.17,59
PROD000035,4.0,99531.45,19249.879999999997,118781.32999999999,87,15,102,116,22,138,Haldiram Snacks V1,Grocery,Haldiram,1113.34,21,233.8,879.54,803,3.47,4.35,46
PROD000036,3.0,14103926.57,1442179.1800000002,15546105.75,183,20,203,227,23,250,Samsung Mobile V4,Electronics,Samsung,66721.98,6,4003.32,62718.66,586,2.12,4.39,98
PROD000037,4.0,23406623.869999997,3591873.06,26998496.929999996,200,29,229,236,36,272,HP Laptop V4,Electronics,HP,111479.61,10,11147.96,100331.65,566,2.92,4.34,109
PROD000038,5.0,17878523.94,1700271.96,19578795.900000002,219,21,240,271,26,297,boAt Headphones V2,Electronics,boAt,102185.82,35,35765.04,66420.78,516,4.65,4.5,114
PROD000039,3.0,29108267.830000002,2099144.48,31207412.310000002,209,19,228,263,19,282,Noise Watch V1,Electronics,Noise,139577.42,20,27915.48,111661.94,794,4.53,4.39,115
PROD000040,4.0,3951971.8400000003,479323.42000000004,4431295.260000001,212,24,236,248,30,278,Apple iPhone V2,Electronics,Apple,17181.51,6,1030.89,16150.62,547,3.37,4.28,125
PROD000041,4.0,1696059.15,192956.57,1889015.72,154,19,173,187,21,208,Levis Jeans V9,Fashion,Levis,13721.15,33,4527.98,9193.17,230,1.6,4.42,74
PROD000042,4.0,410375.47000000003,46724.340000000004,457099.81000000006,165,17,182,210,24,234,Peter England Shirt V9,Fashion,Peter,3599.88,45,1619.95,1979.93,41,0.69,4.33,84
PROD000043,4.0,1222253.9,236211.3,1458465.2,145,28,173,192,37,229,Nike Shoes V9,Fashion,Nike,8701.35,26,2262.35,6439.0,426,3.48,4.4,67
PROD000044,4.0,255307.01,23831.54,279138.55,151,16,167,193,18,211,Titan Watch V10,Fashion,Titan,1698.3,21,356.64,1341.66,600,2.58,4.48,85
PROD000045,4.0,761284.11,85098.27,846382.38,150,18,168,186,21,207,Puma T-shirt V3,Fashion,Puma,6682.45,38,2539.33,4143.12,298,0.74,4.49,83
PROD000046,4.0,2614629.94,289197.32,2903827.26,91,10,101,109,12,121,IKEA Chair V1,Home,IKEA,27395.58,12,3287.47,24108.11,561,4.44,4.47,47
PROD000047,5.0,1790846.83,198866.06,1989712.8900000001,98,12,110,124,14,138,Prestige Cooker V4,Home,Prestige,29046.14,50,14523.07,14523.07,788,2.4,4.6,50
PROD000048,4.0,3878420.18,546368.34,4424788.5200000005,115,17,132,136,19,155,Philips Mixer V9,Home,Philips,31603.14,9,2844.28,28758.86,77,4.68,4.38,72
PROD000049,4.0,3414293.52,254014.1,3668307.62,112,9,121,136,10,146,Godrej Almirah V5,Home,Godrej,39094.48,35,13683.07,25411.41,739,4.66,4.42,59
PROD000050,4.0,2531658.6999999997,281407.6,2813066.3,112,14,126,145,16,161,Urban Ladder Sofa V4,Home,Urban,20226.84,13,2629.49,17597.35,940,3.48,4.46,61
PROD000051,5.0,129660.24,13260.17,142920.41,54,6,60,69,7,76,Lakme Lipstick V3,Beauty,Lakme,2310.13,18,415.82,1894.31,374,0.72,4.42,26
PROD000052,5.0,40328.55,3629.85,43958.4,39,5,44,55,5,60,Mamaearth Facewash V4,Beauty,Mamaearth,1014.85,26,263.86,750.99,545,1.39,4.52,29
PROD000053,5.0,69090.23000000001,12039.41,81129.64000000001,52,6,58,63,11,74,Nivea Cream V3,Beauty,Nivea,2072.94,46,953.55,1119.39,130,0.82,4.57,30
PROD000054,5.0,126780.68,14225.14,141005.82,53,8,61,71,8,79,Dove Soap V9,Beauty,Dove,2696.99,33,890.01,1806.98,576,2.52,4.38,29
PROD000055,5.0,153240.38,11781.6,165021.98,51,4,55,65,5,70,Plum Serum V9,Beauty,Plum,4114.35,42,1728.03,2386.32,904,1.2,4.35,34
PROD000056,4.0,1790315.61,222442.76,2012758.37,85,12,97,106,13,119,Nike T-shirt V6,Sports,Nike,28069.7,39,10947.18,17122.52,381,2.55,4.37,49
PROD000057,5.0,852813.42,62726.99,915540.41,103,10,113,136,10,146,Puma Shoes V8,Sports,Puma,10065.26,37,3724.15,6341.11,272,0.62,4.51,57
PROD000058,4.0,1760033.43,271322.78,2031356.21,90,15,105,109,17,126,Decathlon Cycle V10,Sports,Decathlon,27098.08,40,10839.23,16258.85,667,4.64,4.33,48
PROD000059,4.0,319758.04,33472.520000000004,353230.56,95,11,106,116,12,128,Yoga Mat V4,Sports,Yoga,5278.69,47,2480.98,2797.71,319,2.56,4.47,51
PROD000060,4.0,811997.2000000001,61257.25,873254.4500000001,87,6,93,116,9,125,Dumbbells V1,Sports,Dumbbells,8099.78,13,1052.97,7046.81,892,1.36,4.47,55
PROD000061,4.0,85232.9,4227.16,89460.06,63,3,66,79,4,83,Fiction Novel V6,Books,Fiction,1367.86,20,273.57,1094.29,777,0.62,4.43,23
PROD000062,4.0,39882.45,2160.74,42043.189999999995,69,4,73,92,5,97,NCERT Book V3,Books,NCERT,588.25,32,188.24,400.01,298,0.64,4.62,29
PROD000063,5.0,39004.59,4831.37,43835.96,62,8,70,73,9,82,Comics V8,Books,Comics,891.67,44,392.33,499.34,385,2.63,4.28,36
PROD000064,4.0,66904.62,7873.2,74777.81999999999,52,6,58,59,7,66,Notebook V2,Books,Notebook,1822.68,37,674.39,1148.29,33,1.11,4.45,33
PROD000065,4.0,26105.24,2047.7,28152.940000000002,77,5,82,98,8,106,Stationery Set V9,Books,Stationery,259.39,14,36.31,223.08,624,4.97,4.42,26
PROD000066,4.0,195626.63,23610.8,219237.43,101,10,111,123,15,138,Aashirvaad Atta V4,Grocery,Aashirvaad,2326.75,31,721.29,1605.46,510,2.03,4.38,53
PROD000067,4.0,14049.0,1747.1399999999999,15796.14,95,10,105,115,14,129,Fortune Oil V2,Grocery,Fortune,78.64,8,6.29,72.35,826,2.34,4.44,52
PROD000068,4.0,113847.69,11293.31,125141.0,104,11,115,131,13,144,Lays Chips V10,Grocery,Lays,969.55,9,87.26,882.29,923,0.48,4.32,57
PROD000069,4.0,236000.06,29082.32,265082.38,112,14,126,132,16,148,Nescafe Coffee V5,Grocery,Nescafe,2364.64,23,543.87,1820.77,396,4.94,4.54,54
PROD000070,5.0,187606.24,17747.38,205353.62,104,11,115,126,12,138,Haldiram Snacks V9,Grocery,Haldiram,2479.49,39,967.0,1512.49,395,0.32,4.52,60
PROD000071,4.0,1256035.6800000002,106944.53000000001,1362980.2100000002,221,20,241,282,24,306,Samsung Mobile V5,Electronics,Samsung,7758.23,42,3258.46,4499.77,835,3.01,4.43,128
PROD000072,4.0,13647005.14,1528436.61,15175441.75,219,22,241,281,32,313,HP Laptop V4,Electronics,HP,70210.68,30,21063.2,49147.48,105,3.3,4.32,114
PROD000073,5.0,15453067.17,3023540.31,18476607.48,169,31,200,209,41,250,boAt Headphones V4,Electronics,boAt,106655.74,30,31996.72,74659.02,441,1.55,4.35,92
PROD000074,5.0,14488794.77,1169877.98,15658672.75,226,17,243,283,23,306,Noise Watch V7,Electronics,Noise,60907.24,15,9136.09,51771.15,399,4.15,4.44,131
PROD000075,3.0,19872516.48,2254669.68,22127186.16,189,19,208,230,26,256,Apple iPhone V8,Electronics,Apple,123095.85,29,35697.8,87398.05,168,2.45,4.39,99
PROD000076,5.0,2890587.0,347304.47000000003,3237891.47,172,18,190,215,26,241,Levis Jeans V5,Fashion,Levis,14594.02,7,1021.58,13572.44,792,4.69,4.55,92
PROD000077,4.0,1043310.73,130791.53,1174102.26,147,17,164,184,23,207,Peter England Shirt V10,Fashion,Peter,6601.21,13,858.16,5743.05,709,1.66,4.29,84
PROD000078,4.0,1550404.26,265202.63,1815606.8900000001,144,25,169,173,30,203,Nike Shoes V9,Fashion,Nike,13127.69,31,4069.58,9058.11,662,2.0,4.4,83
PROD000079,5.0,1008911.71,83867.04,1092778.75,153,14,167,192,16,208,Titan Watch V4,Fashion,Titan,8303.7,36,2989.33,5314.37,334,3.23,4.2,87
PROD000080,5.0,455978.5,63757.299999999996,519735.8,141,20,161,172,24,196,Puma T-shirt V10,Fashion,Puma,3084.0,13,400.92,2683.08,104,4.71,4.49,86
PROD000081,5.0,1263329.47,165752.22,1429081.69,126,17,143,153,20,173,IKEA Chair V1,Home,IKEA,11413.39,27,3081.62,8331.77,751,0.41,4.53,70
PROD000082,4.0,3437738.82,470525.68,3908264.5,97,13,110,123,17,140,Prestige Cooker V3,Home,Prestige,43607.57,35,15262.65,28344.92,671,2.71,4.23,52
PROD000083,4.0,3617232.3,450966.35,4068198.65,115,13,128,142,18,160,Philips Mixer V3,Home,Philips,49286.1,48,23657.33,25628.77,603,4.65,4.4,60
PROD000084,4.0,5959257.97,804514.51,6763772.4799999995,120,15,135,149,20,169,Godrej Almirah V9,Home,Godrej,43013.71,6,2580.82,40432.89,112,1.63,4.36,73
PROD000085,4.0,1932526.8900000001,302744.69,2235271.58,94,11,105,115,18,133,Urban Ladder Sofa V5,Home,Urban,20362.17,16,3257.95,17104.22,903,4.47,4.24,55
PROD000086,4.0,50370.42,5273.39,55643.81,56,6,62,67,7,74,Lakme Lipstick V10,Beauty,Lakme,1107.62,31,343.36,764.26,702,4.82,4.42,26
PROD000087,3.0,182634.28,35185.14,217819.41999999998,48,9,57,66,13,79,Mamaearth Facewash V3,Beauty,Mamaearth,3188.99,13,414.57,2774.42,893,4.42,4.53,19
PROD000088,3.0,144266.4,11858.36,156124.76,59,6,65,72,6,78,Nivea Cream V2,Beauty,Nivea,2179.4,7,152.56,2026.84,901,1.36,4.36,33
PROD000089,5.0,20520.81,1264.59,21785.4,54,4,58,73,4,77,Dove Soap V7,Beauty,Dove,365.56,32,116.98,248.58,635,2.79,4.59,34
PROD000090,5.0,152026.41,17431.59,169458.0,50,6,56,67,8,75,Plum Serum V8,Beauty,Plum,3017.94,24,724.31,2293.63,995,2.68,4.48,31
PROD000091,4.0,1892107.9,208332.52,2100440.42,94,11,105,110,12,122,Nike T-shirt V3,Sports,Nike,33394.63,48,16029.42,17365.21,375,1.01,4.41,51
PROD000092,4.0,1649713.97,218953.76,1868667.73,94,14,108,121,16,137,Puma Shoes V8,Sports,Puma,19549.45,30,5864.84,13684.61,802,2.32,4.49,45
PROD000093,5.0,1740436.42,308861.06,2049297.48,80,11,91,97,17,114,Decathlon Cycle V9,Sports,Decathlon,19754.54,8,1580.36,18174.18,593,3.9,4.56,43
PROD000094,4.0,177941.30000000002,20836.96,198778.26,89,12,101,110,13,123,Yoga Mat V2,Sports,Yoga,1837.87,11,202.17,1635.7,946,3.33,4.41,44
PROD000095,4.0,1885008.84,196240.76,2081249.6,88,10,98,104,11,115,Dumbbells V10,Sports,Dumbbells,27380.49,33,9035.56,18344.93,568,0.43,4.41,49
PROD000096,4.0,22746.2,887.12,23633.32,73,3,76,86,3,89,Fiction Novel V5,Books,Fiction,321.68,34,109.37,212.31,509,0.36,4.47,40
PROD000097,4.0,51150.3,15814.75,66965.05,51,14,65,62,19,81,NCERT Book V10,Books,NCERT,914.36,8,73.15,841.21,848,3.87,4.29,28
PROD000098,4.0,28516.39,4271.2300000000005,32787.62,63,11,74,79,11,90,Comics V3,Books,Comics,420.37,23,96.69,323.68,111,3.94,4.34,35
PROD000099,4.0,51782.600000000006,8860.29,60642.89000000001,50,10,60,58,10,68,Notebook V3,Books,Notebook,1392.43,35,487.35,905.08,217,2.89,4.41,27
PROD000100,4.0,69387.21,4332.85,73720.06000000001,59,4,63,78,5,83,Stationery Set V1,Books,Stationery,1510.95,40,604.38,906.57,610,4.2,4.42,40
PROD000101,5.0,218550.42,10884.460000000001,229434.88,102,6,108,122,6,128,Aashirvaad Atta V5,Grocery,Aashirvaad,2939.37,38,1116.96,1822.41,682,0.85,4.36,59
PROD000102,5.0,220342.1,22280.940000000002,242623.04,111,13,124,147,15,162,Fortune Oil V8,Grocery,Fortune,1665.61,9,149.9,1515.71,837,3.16,4.37,57
PROD000103,4.0,133731.13,15953.63,149684.76,92,13,105,118,14,132,Lays Chips V4,Grocery,Lays,1918.9,40,767.56,1151.34,335,0.88,4.27,55
PROD000104,5.0,52786.11,4390.42,57176.53,116,8,124,136,12,148,Nescafe Coffee V8,Grocery,Nescafe,464.19,25,116.05,348.14,517,2.21,4.42,65
PROD000105,4.0,30546.96,3120.83,33667.79,112,11,123,137,14,151,Haldiram Snacks V8,Grocery,Haldiram,243.32,27,65.7,177.62,706,0.83,4.25,64
PROD000106,4.0,11903111.21,1605147.23,13508258.440000001,204,23,227,253,34,287,Samsung Mobile V3,Electronics,Samsung,91611.34,48,43973.44,47637.9,803,0.81,4.45,106
PROD000107,5.0,8224093.75,859222.44,9083316.19,217,22,239,278,30,308,HP Laptop V3,Electronics,HP,54247.0,45,24411.15,29835.85,764,2.67,4.32,121
PROD000108,4.0,1460869.23,163547.74000000002,1624416.97,201,23,224,259,29,288,boAt Headphones V2,Electronics,boAt,7500.35,24,1800.08,5700.27,351,4.41,4.29,100
PROD000109,4.0,18299369.39,1548390.39,19847759.78,215,22,237,270,23,293,Noise Watch V1,Electronics,Noise,98856.56,31,30645.53,68211.03,660,2.17,4.41,111
PROD000110,3.0,17531616.12,1810160.1900000002,19341776.310000002,202,20,222,261,27,288,Apple iPhone V8,Electronics,Apple,104310.58,35,36508.7,67801.88,80,0.73,4.51,113
PROD000111,4.0,2090478.24,197403.30000000002,2287881.54,162,13,175,192,18,210,Levis Jeans V8,Fashion,Levis,11666.86,6,700.01,10966.85,63,1.11,4.42,89
PROD000112,4.0,1806242.45,193055.25,1999297.7,169,21,190,212,23,235,Peter England Shirt V5,Fashion,Peter,14805.0,42,6218.1,8586.9,181,4.27,4.46,101
PROD000113,5.0,558345.72,47899.59,606245.3099999999,181,15,196,223,19,242,Nike Shoes V2,Fashion,Nike,2847.61,11,313.24,2534.37,538,3.51,4.4,94
PROD000114,4.0,1802800.6,111933.7,1914734.3,174,14,188,227,14,241,Titan Watch V1,Fashion,Titan,9535.18,16,1525.63,8009.55,733,4.53,4.4,86
PROD000115,5.0,517249.95,77706.96,594956.91,155,21,176,188,28,216,Puma T-shirt V9,Fashion,Puma,5243.06,47,2464.24,2778.82,239,1.08,4.37,81
PROD000116,5.0,673791.05,51394.46,725185.51,112,9,121,139,11,150,IKEA Chair V6,Home,IKEA,9789.43,50,4894.72,4894.71,687,3.19,4.45,56
PROD000117,5.0,2224862.54,212945.91999999998,2437808.46,126,10,136,155,15,170,Prestige Cooker V8,Home,Prestige,20129.06,28,5636.14,14492.92,228,3.77,4.52,61
PROD000118,5.0,2959169.12,258843.49,3218012.6100000003,103,8,111,133,12,145,Philips Mixer V2,Home,Philips,35168.95,36,12660.82,22508.13,451,1.52,4.46,59
PROD000119,4.0,6426117.95,916150.4,7342268.350000001,120,17,137,147,21,168,Godrej Almirah V10,Home,Godrej,46862.23,6,2811.73,44050.5,590,2.48,4.41,61
PROD000120,4.0,1194443.38,142467.5,1336910.88,112,11,123,135,16,151,Urban Ladder Sofa V1,Home,Urban,16000.39,44,7040.17,8960.22,468,4.99,4.41,63
PROD000121,4.0,285698.34,26888.620000000003,312586.96,50,6,56,64,6,70,Lakme Lipstick V10,Beauty,Lakme,4776.35,6,286.58,4489.77,131,4.24,4.39,28
PROD000122,5.0,191546.28,25909.2,217455.48,62,7,69,75,10,85,Mamaearth Facewash V4,Beauty,Mamaearth,3549.21,27,958.29,2590.92,706,1.19,4.54,35
PROD000123,5.0,130230.04,6720.719999999999,136950.75999999998,51,2,53,59,3,62,Nivea Cream V10,Beauty,Nivea,3446.53,35,1206.29,2240.24,995,2.62,4.33,33
PROD000124,4.0,96226.15999999999,11620.84,107846.99999999999,59,7,66,74,9,83,Dove Soap V5,Beauty,Dove,1821.29,28,509.96,1311.33,351,3.6,4.45,38
PROD000125,5.0,189908.57,17501.45,207410.02000000002,56,3,59,77,7,84,Plum Serum V2,Beauty,Plum,2639.32,5,131.97,2507.35,805,4.54,4.42,31
PROD000126,4.0,900115.4500000001,141293.83,1041409.28,93,15,108,115,18,133,Nike T-shirt V6,Sports,Nike,9636.45,18,1734.56,7901.89,700,1.14,4.48,54
PROD000127,5.0,1802727.52,320467.74,2123195.26,85,13,98,102,18,120,Puma Shoes V2,Sports,Puma,26597.65,33,8777.22,17820.43,182,2.26,4.43,42
PROD000128,3.0,809054.9500000001,91522.07,900577.02,84,9,93,106,12,118,Decathlon Cycle V5,Sports,Decathlon,11310.19,32,3619.26,7690.93,753,2.9,4.35,43
PROD000129,5.0,3276813.94,426713.76,3703527.7,99,13,112,121,16,137,Yoga Mat V2,Sports,Yoga,34404.07,21,7224.85,27179.22,259,1.2,4.32,62
PROD000130,4.0,2362292.2600000002,292142.86000000004,2654435.12,90,11,101,114,14,128,Dumbbells V2,Sports,Dumbbells,26423.4,21,5548.91,20874.49,610,4.21,4.24,46
PROD000131,4.0,32632.38,3538.69,36171.07,47,7,54,64,7,71,Fiction Novel V5,Books,Fiction,825.56,37,305.46,520.1,105,3.89,4.33,27
PROD000132,4.0,14079.78,977.4200000000001,15057.2,72,5,77,93,6,99,NCERT Book V9,Books,NCERT,125.19,19,23.79,101.4,616,1.33,4.34,41
PROD000133,4.0,38759.85,2422.0299999999997,41181.88,65,4,69,79,5,84,Comics V2,Books,Comics,970.37,48,465.78,504.59,288,3.27,4.39,31
PROD000134,4.0,56191.340000000004,5699.76,61891.100000000006,64,6,70,81,8,89,Notebook V4,Books,Notebook,1096.11,35,383.64,712.47,920,4.63,4.35,34
PROD000135,5.0,90018.62000000001,8783.36,98801.98000000001,63,7,70,83,8,91,Stationery Set V1,Books,Stationery,1591.19,31,493.27,1097.92,793,1.06,4.38,37
PROD000136,5.0,153903.76,13978.33,167882.09,110,10,120,133,12,145,Aashirvaad Atta V7,Grocery,Aashirvaad,1305.17,10,130.52,1174.65,667,2.51,4.34,68
PROD000137,4.0,126248.31999999999,12625.92,138874.24,102,9,111,130,13,143,Fortune Oil V6,Grocery,Fortune,1281.04,23,294.64,986.4,439,3.74,4.47,53
PROD000138,4.0,42584.549999999996,5033.22,47617.77,107,13,120,130,15,145,Lays Chips V8,Grocery,Lays,340.03,15,51.0,289.03,13,1.95,4.47,68
PROD000139,4.0,103958.6,6628.49,110587.09000000001,110,9,119,140,9,149,Nescafe Coffee V8,Grocery,Nescafe,1400.01,46,644.0,756.01,610,2.45,4.39,64
PROD000140,4.0,44704.46,2901.65,47606.11,126,8,134,155,10,165,Haldiram Snacks V4,Grocery,Haldiram,476.28,49,233.38,242.9,645,1.22,4.28,61
PROD000141,4.0,3661979.1999999997,397341.01,4059320.21,201,22,223,250,27,277,Samsung Mobile V8,Electronics,Samsung,21104.14,30,6331.24,14772.9,412,4.76,4.42,113
PROD000142,4.0,17511490.94,2122939.7600000002,19634430.700000003,198,24,222,247,30,277,HP Laptop V1,Electronics,HP,113464.8,37,41981.98,71482.82,285,3.25,4.46,100
PROD000143,4.0,9621673.32,1028302.39,10649975.71,210,22,232,262,28,290,boAt Headphones V5,Electronics,boAt,55412.6,33,18286.16,37126.44,316,2.94,4.4,114
PROD000144,4.0,31400094.79,3817244.08,35217338.87,220,26,246,283,35,318,Noise Watch V4,Electronics,Noise,117838.99,5,5891.95,111947.04,197,1.46,4.42,111
PROD000145,4.0,2193487.48,337460.7,2530948.18,192,30,222,234,36,270,Apple iPhone V6,Electronics,Apple,10138.78,7,709.71,9429.07,26,3.93,4.39,92
PROD000146,4.0,1066029.65,98949.13999999998,1164978.7899999998,155,13,168,195,18,213,Levis Jeans V10,Fashion,Levis,8598.01,36,3095.28,5502.73,372,1.76,4.41,82
PROD000147,5.0,2226519.84,218917.4,2445437.2399999998,174,16,190,216,21,237,Peter England Shirt V5,Fashion,Peter,13544.68,23,3115.28,10429.4,670,1.07,4.51,100
PROD000148,4.0,2041564.65,262206.62,2303771.27,161,17,178,209,27,236,Nike Shoes V5,Fashion,Nike,12034.96,18,2166.29,9868.67,67,2.26,4.37,86
PROD000149,5.0,1166350.04,129526.89,1295876.93,154,18,172,188,21,209,Titan Watch V10,Fashion,Titan,7488.26,16,1198.12,6290.14,575,3.05,4.46,82
PROD000150,4.0,941686.02,112764.88,1054450.9,157,18,175,202,24,226,Puma T-shirt V2,Fashion,Puma,6537.32,28,1830.45,4706.87,235,2.28,4.46,78
PROD000151,4.0,2646788.02,100739.65,2747527.67,108,5,113,133,5,138,IKEA Chair V2,Home,IKEA,21208.35,5,1060.42,20147.93,239,4.83,4.29,55
PROD000152,4.0,2174065.55,303631.97000000003,2477697.52,113,12,125,130,18,148,Prestige Cooker V10,Home,Prestige,19724.05,14,2761.37,16962.68,735,3.46,4.41,66
PROD000153,5.0,3491276.1599999997,288559.6,3779835.76,113,9,122,147,12,159,Philips Mixer V4,Home,Philips,41466.89,42,17416.09,24050.8,98,4.13,4.59,63
PROD000154,4.0,239350.82,26611.66,265962.48,102,13,115,135,15,150,Godrej Almirah V8,Home,Godrej,3287.68,45,1479.46,1808.22,795,1.33,4.39,49
PROD000155,4.0,5217183.05,420580.11,5637763.16,103,9,112,124,10,134,Urban Ladder Sofa V5,Home,Urban,44729.41,5,2236.47,42492.94,702,4.34,4.4,52
PROD000156,4.0,47598.11,4959.6,52557.71,61,7,68,78,8,86,Lakme Lipstick V3,Beauty,Lakme,815.73,24,195.78,619.95,105,4.64,4.29,35
PROD000157,4.0,159674.48,15710.28,175384.76,48,5,53,61,6,67,Mamaearth Facewash V3,Beauty,Mamaearth,4987.51,47,2344.13,2643.38,15,2.76,4.42,24
PROD000158,4.0,145964.79,26804.620000000003,172769.41,61,11,72,77,14,91,Nivea Cream V10,Beauty,Nivea,2504.4,23,576.01,1928.39,106,3.07,4.4,30
PROD000159,4.0,145972.57,14161.49,160134.06,54,7,61,73,7,80,Dove Soap V7,Beauty,Dove,3211.23,37,1188.16,2023.07,389,3.12,4.42,33
PROD000160,5.0,98364.15,8562.75,106926.9,45,4,49,58,5,63,Plum Serum V3,Beauty,Plum,2762.18,38,1049.63,1712.55,573,1.2,4.55,29
PROD000161,4.0,387670.04000000004,53308.6,440978.64,88,14,102,106,15,121,Nike T-shirt V3,Sports,Nike,6703.28,45,3016.48,3686.8,835,2.17,4.33,46
PROD000162,4.0,2802358.58,136743.38,2939101.96,102,5,107,124,6,130,Puma Shoes V10,Sports,Puma,27813.69,18,5006.46,22807.23,36,0.39,4.21,53
PROD000163,4.0,2979309.4899999998,351097.57,3330407.0599999996,109,11,120,135,16,151,Decathlon Cycle V5,Sports,Decathlon,30444.56,27,8220.03,22224.53,756,4.59,4.39,56
PROD000164,4.0,181115.81999999998,6679.48,187795.3,85,4,89,110,4,114,Yoga Mat V3,Sports,Yoga,2011.89,17,342.02,1669.87,370,3.34,4.33,45
PROD000165,4.0,1625784.44,189914.8,1815699.24,106,12,118,129,15,144,Dumbbells V10,Sports,Dumbbells,17952.06,29,5206.1,12745.96,842,0.81,4.36,58
PROD000166,4.0,30331.48,2606.54,32938.02,64,6,70,87,7,94,Fiction Novel V6,Books,Fiction,343.94,7,24.08,319.86,218,0.52,4.34,32
PROD000167,4.0,52364.64,12012.51,64377.15,56,12,68,65,15,80,NCERT Book V1,Books,NCERT,1129.06,28,316.14,812.92,519,3.5,4.14,29
PROD000168,4.0,31736.53,3515.66,35252.19,64,8,72,77,8,85,Comics V5,Books,Comics,488.77,23,112.42,376.35,244,4.29,4.38,37
PROD000169,4.0,21539.65,1183.46,22723.11,75,5,80,98,5,103,Notebook V10,Books,Notebook,292.51,41,119.93,172.58,614,4.48,4.53,40
PROD000170,4.0,52704.53,7925.17,60629.7,61,9,70,74,11,85,Stationery Set V6,Books,Stationery,1412.69,49,692.22,720.47,577,3.28,4.3,27
PROD000171,4.0,27747.0,5093.17,32840.17,105,19,124,129,24,153,Aashirvaad Atta V10,Grocery,Aashirvaad,308.77,46,142.03,166.74,319,2.24,4.38,53
PROD000172,4.0,70157.28,12587.64,82744.92,90,13,103,112,20,132,Fortune Oil V8,Grocery,Fortune,728.17,12,87.38,640.79,464,1.43,4.33,48
PROD000173,4.0,219193.19,30327.23,249520.42,92,13,105,121,17,138,Lays Chips V6,Grocery,Lays,2590.13,29,751.14,1838.99,173,3.05,4.2,50
PROD000174,5.0,57164.12,6089.58,63253.700000000004,107,10,117,138,15,153,Nescafe Coffee V7,Grocery,Nescafe,675.56,44,297.25,378.31,225,1.02,4.44,59
PROD000175,5.0,65449.08,4284.96,69734.04000000001,105,5,110,124,8,132,Haldiram Snacks V2,Grocery,Haldiram,563.81,5,28.19,535.62,552,4.37,4.53,60
PROD000176,4.0,13143112.88,1271792.1600000001,14414905.040000001,239,24,263,299,29,328,Samsung Mobile V7,Electronics,Samsung,82068.15,46,37751.35,44316.8,426,4.25,4.5,124
PROD000177,4.0,10117778.65,1005484.1900000001,11123262.84,209,20,229,252,25,277,HP Laptop V1,Electronics,HP,57123.7,29,16565.87,40557.83,442,3.05,4.41,112
PROD000178,4.0,12921997.469999999,1296085.96,14218083.43,191,19,210,241,24,265,boAt Headphones V6,Electronics,boAt,59595.2,9,5363.57,54231.63,176,4.82,4.37,109
PROD000179,4.0,16963080.32,1780048.29,18743128.61,200,23,223,260,27,287,Noise Watch V1,Electronics,Noise,122098.64,46,56165.37,65933.27,527,1.82,4.45,111
PROD000180,4.0,1031659.28,119746.66,1151405.94,183,24,207,223,26,249,Apple iPhone V1,Electronics,Apple,5573.23,16,891.72,4681.51,271,0.36,4.34,96
PROD000181,5.0,1341084.74,147028.66,1488113.4,144,18,162,182,20,202,Levis Jeans V3,Fashion,Levis,13269.18,44,5838.44,7430.74,142,3.0,4.51,71
PROD000182,5.0,838360.47,98864.18,937224.6499999999,146,18,164,180,21,201,Peter England Shirt V1,Fashion,Peter,5747.05,18,1034.47,4712.58,535,2.02,4.37,73
PROD000183,4.0,2619610.72,447859.63,3067470.35,146,26,172,187,32,219,Nike Shoes V3,Fashion,Nike,14886.59,5,744.33,14142.26,714,3.7,4.38,78
PROD000184,4.0,288875.52,19175.61,308051.13,179,12,191,227,15,242,Titan Watch V2,Fashion,Titan,1542.44,16,246.79,1295.65,566,3.43,4.41,96
PROD000185,4.0,1928485.4300000002,223964.05000000002,2152449.48,166,17,183,214,25,239,Puma T-shirt V4,Fashion,Puma,9661.21,6,579.67,9081.54,995,1.51,4.44,88
PROD000186,4.0,1416247.9200000002,253240.9,1669488.82,99,14,113,124,22,146,IKEA Chair V5,Home,IKEA,20555.26,44,9044.31,11510.95,499,1.14,4.38,61
PROD000187,4.0,2478509.52,172578.97999999998,2651088.5,117,9,126,154,11,165,Prestige Cooker V6,Home,Prestige,26274.95,38,9984.48,16290.47,822,2.25,4.44,59
PROD000188,5.0,2831656.94,271001.63,3102658.57,107,13,120,136,13,149,Philips Mixer V2,Home,Philips,27293.02,23,6277.39,21015.63,136,0.89,4.32,73
PROD000189,4.0,4129567.09,267639.88,4397206.97,110,8,118,134,9,143,Godrej Almirah V7,Home,Godrej,40424.33,23,9297.6,31126.73,991,2.64,4.48,61
PROD000190,4.0,4872019.6,490697.87999999995,5362717.4799999995,98,11,109,140,14,154,Urban Ladder Sofa V1,Home,Urban,45856.1,23,10546.9,35309.2,419,3.63,4.24,54
PROD000191,4.0,142647.21,9651.84,152299.05,49,4,53,60,4,64,Lakme Lipstick V8,Beauty,Lakme,2742.0,12,329.04,2412.96,645,4.94,4.58,26
PROD000192,4.0,219402.50999999998,25859.12,245261.62999999998,44,5,49,60,7,67,Mamaearth Facewash V4,Beauty,Mamaearth,4797.61,23,1103.45,3694.16,659,3.39,4.26,23
PROD000193,4.0,238578.08000000002,24940.08,263518.16000000003,54,5,59,65,7,72,Nivea Cream V2,Beauty,Nivea,3960.0,6,237.6,3722.4,561,2.95,4.24,29
PROD000194,5.0,219277.15,39433.3,258710.45,44,8,52,56,10,66,Dove Soap V5,Beauty,Dove,4291.66,8,343.33,3948.33,231,3.59,4.39,23
PROD000195,4.0,211665.9,31884.379999999997,243550.28,61,7,68,74,11,85,Plum Serum V6,Beauty,Plum,3370.44,14,471.86,2898.58,571,2.11,4.28,32
PROD000196,5.0,187572.02000000002,18091.28,205663.30000000002,97,10,107,124,12,136,Nike T-shirt V9,Sports,Nike,1965.59,22,432.43,1533.16,872,0.58,4.38,50
PROD000197,4.0,79973.13,6920.0,86893.13,97,9,106,117,10,127,Puma Shoes V4,Sports,Puma,1270.9,45,571.91,698.99,489,1.88,4.38,55
PROD000198,4.0,179765.65,14796.7,194562.35,105,9,114,124,10,134,Decathlon Cycle V9,Sports,Decathlon,1873.0,21,393.33,1479.67,127,2.94,4.12,57
PROD000199,4.0,1874616.45,340232.5,2214848.95,91,16,107,110,20,130,Yoga Mat V4,Sports,Yoga,29133.07,41,11944.56,17188.51,59,4.11,4.39,46
PROD000200,5.0,373913.81,46000.65,419914.46,89,10,99,105,13,118,Dumbbells V4,Sports,Dumbbells,6063.67,41,2486.1,3577.57,285,2.81,4.56,45
PROD000201,5.0,44365.3,3281.86,47647.16,59,3,62,66,5,71,Fiction Novel V4,Books,Fiction,1290.04,47,606.32,683.72,132,2.85,4.55,29
PROD000202,4.0,76371.47,13788.44,90159.91,63,9,72,72,13,85,NCERT Book V4,Books,NCERT,1636.18,34,556.3,1079.88,492,2.95,4.41,34
PROD000203,4.0,56590.130000000005,7796.360000000001,64386.490000000005,63,10,73,84,12,96,Comics V3,Books,Comics,1134.53,40,453.81,680.72,944,4.34,4.4,30
PROD000204,5.0,42576.73,7834.7,50411.43,47,7,54,55,10,65,Notebook V9,Books,Notebook,1586.94,50,793.47,793.47,846,0.9,4.46,24
PROD000205,4.0,40705.200000000004,6013.6900000000005,46718.89000000001,72,10,82,92,14,106,Stationery Set V8,Books,Stationery,616.24,34,209.52,406.72,742,1.87,4.45,31
PROD000206,4.0,14147.18,791.13,14938.31,112,7,119,142,9,151,Aashirvaad Atta V10,Grocery,Aashirvaad,104.93,50,52.47,52.46,828,4.51,4.65,65
PROD000207,4.0,270610.54,35472.31,306082.85,117,13,130,146,19,165,Fortune Oil V4,Grocery,Fortune,2503.32,25,625.83,1877.49,813,2.62,4.44,62
PROD000208,4.0,66601.12,9189.67,75790.79,100,14,114,124,17,141,Lays Chips V9,Grocery,Lays,827.26,40,330.9,496.36,874,1.45,4.32,56
PROD000209,4.0,11114.87,1016.29,12131.16,100,12,112,128,13,141,Nescafe Coffee V6,Grocery,Nescafe,67.12,47,31.55,35.57,580,0.29,4.41,54
PROD000210,4.0,200370.8,20982.07,221352.87,123,14,137,152,16,168,Haldiram Snacks V2,Grocery,Haldiram,2384.56,44,1049.21,1335.35,978,1.7,4.42,67
PROD000211,5.0,15341369.8,1057806.2,16399176.0,197,15,212,247,17,264,Samsung Mobile V4,Electronics,Samsung,89425.71,30,26827.71,62598.0,116,2.52,4.39,99
PROD000212,5.0,16582996.16,1681602.17,18264598.33,196,23,219,246,25,271,HP Laptop V10,Electronics,HP,121573.32,44,53492.26,68081.06,153,2.12,4.31,101
PROD000213,4.0,8369181.06,841614.5199999999,9210795.58,202,23,225,248,25,273,boAt Headphones V2,Electronics,boAt,43141.21,21,9059.65,34081.56,743,0.7,4.43,116
PROD000214,5.0,20984425.380000003,1880055.31,22864480.69,196,17,213,244,22,266,Noise Watch V1,Electronics,Noise,109680.64,21,23032.93,86647.71,693,3.95,4.48,105
PROD000215,4.0,2891935.23,355462.44,3247397.67,207,26,233,261,32,293,Apple iPhone V4,Electronics,Apple,17535.61,36,6312.82,11222.79,85,3.75,4.49,111
PROD000216,4.0,192009.47,28582.73,220592.2,164,24,188,209,31,240,Levis Jeans V1,Fashion,Levis,1293.72,28,362.24,931.48,474,3.82,4.21,89
PROD000217,5.0,188772.36000000002,25747.260000000002,214519.62000000002,149,21,170,189,26,215,Peter England Shirt V4,Fashion,Peter,1138.72,11,125.26,1013.46,936,1.1,4.53,91
PROD000218,5.0,2236302.21,240300.88,2476603.09,160,15,175,197,21,218,Nike Shoes V6,Fashion,Nike,12577.23,9,1131.95,11445.28,33,4.67,4.39,85
PROD000219,4.0,135292.97999999998,19563.92,154856.89999999997,158,23,181,202,29,231,Titan Watch V9,Fashion,Titan,1155.38,41,473.71,681.67,917,3.09,4.47,87
PROD000220,5.0,751805.66,63779.579999999994,815585.24,159,14,173,198,17,215,Puma T-shirt V4,Fashion,Puma,5581.42,31,1730.24,3851.18,571,1.25,4.5,84
PROD000221,4.0,1212944.15,80101.92,1293046.0699999998,103,6,109,123,8,131,IKEA Chair V4,Home,IKEA,15170.82,34,5158.08,10012.74,46,1.36,4.41,54
PROD000222,4.0,296766.64999999997,28335.739999999998,325102.38999999996,114,13,127,142,14,156,Prestige Cooker V9,Home,Prestige,3570.08,41,1463.73,2106.35,172,1.82,4.42,71
PROD000223,5.0,1212102.71,124336.17,1336438.88,112,11,123,146,15,161,Philips Mixer V1,Home,Philips,10380.06,19,1972.21,8407.85,42,2.64,4.39,62
PROD000224,5.0,2121854.5100000002,178520.01,2300374.5200000005,106,11,117,130,11,141,Godrej Almirah V9,Home,Godrej,28016.32,41,11486.69,16529.63,913,1.93,4.37,67
PROD000225,4.0,336966.24,37240.66,374206.9,103,10,113,128,14,142,Urban Ladder Sofa V1,Home,Urban,4233.63,37,1566.44,2667.19,572,2.89,4.33,58
PROD000226,4.0,190356.39,7930.32,198286.71000000002,56,3,59,73,3,76,Lakme Lipstick V7,Beauty,Lakme,4263.61,38,1620.17,2643.44,92,3.32,4.47,34
PROD000227,4.0,78507.48,14542.8,93050.28,49,8,57,54,10,64,Mamaearth Facewash V6,Beauty,Mamaearth,2267.72,35,793.7,1474.02,397,3.33,4.08,25
PROD000228,4.0,14101.02,870.83,14971.85,42,3,45,52,3,55,Nivea Cream V7,Beauty,Nivea,394.18,42,165.56,228.62,277,3.97,4.45,20
PROD000229,4.0,263112.22,52712.45,315824.67,53,8,61,65,13,78,Dove Soap V4,Beauty,Dove,4844.9,15,726.74,4118.16,855,3.01,4.41,27
PROD000230,4.0,45531.31,2536.16,48067.47,57,4,61,73,4,77,Plum Serum V2,Beauty,Plum,773.22,18,139.18,634.04,613,3.0,4.31,29
PROD000231,5.0,2297078.77,401397.26,2698476.0300000003,91,13,104,114,20,134,Nike T-shirt V8,Sports,Nike,25040.36,19,4757.67,20282.69,267,3.46,4.43,49
PROD000232,5.0,1447728.33,279159.38,1726887.71,90,17,107,115,22,137,Puma Shoes V6,Sports,Puma,25503.14,50,12751.57,12751.57,544,4.46,4.38,48
PROD000233,4.0,1241576.27,86156.21,1327732.48,92,6,98,115,8,123,Decathlon Cycle V4,Sports,Decathlon,15147.01,28,4241.16,10905.85,18,3.57,4.47,51
PROD000234,4.0,471058.8,62031.2,533090.0,97,13,110,123,16,139,Yoga Mat V5,Sports,Yoga,4175.48,7,292.28,3883.2,858,2.45,4.42,48
PROD000235,4.0,746310.98,117756.23999999999,864067.22,70,10,80,90,14,104,Dumbbells V8,Sports,Dumbbells,13142.44,36,4731.28,8411.16,523,3.17,4.04,28
PROD000236,4.0,29825.96,2245.5,32071.46,64,4,68,78,6,84,Fiction Novel V10,Books,Fiction,513.23,34,174.5,338.73,909,4.75,4.33,42
PROD000237,4.0,96769.09999999999,6142.86,102911.95999999999,76,5,81,96,6,102,NCERT Book V9,Books,NCERT,1462.59,30,438.78,1023.81,639,1.75,4.36,36
PROD000238,5.0,29047.45,3185.95,32233.4,68,6,74,81,9,90,Comics V7,Books,Comics,641.28,50,320.64,320.64,837,1.91,4.31,35
PROD000239,4.0,46930.5,2818.54,49749.04,61,5,66,81,5,86,Notebook V3,Books,Notebook,850.88,30,255.26,595.62,962,4.24,4.38,32
PROD000240,5.0,90420.64,7216.369999999999,97637.01,64,6,70,88,7,95,Stationery Set V2,Books,Stationery,1584.62,34,538.77,1045.85,899,1.97,4.52,31
PROD000241,4.0,246657.34000000003,24464.4,271121.74000000005,128,10,138,162,16,178,Aashirvaad Atta V3,Grocery,Aashirvaad,2145.35,28,600.7,1544.65,295,2.88,4.39,66
PROD000242,5.0,36753.25,4502.63,41255.88,108,15,123,143,17,160,Fortune Oil V10,Grocery,Fortune,230.84,8,18.47,212.37,172,1.63,4.51,61
PROD000243,4.0,325090.57,40048.770000000004,365139.34,114,14,128,139,17,156,Lays Chips V8,Grocery,Lays,2604.12,9,234.37,2369.75,273,0.55,4.28,60
PROD000244,4.0,153453.16,21015.85,174469.01,109,14,123,132,18,150,Nescafe Coffee V8,Grocery,Nescafe,2174.2,46,1000.13,1174.07,54,4.48,4.41,51
PROD000245,4.0,200309.24,26634.559999999998,226943.8,112,16,128,134,18,152,Haldiram Snacks V1,Grocery,Haldiram,2355.57,36,848.01,1507.56,159,4.6,4.45,58
PROD000246,5.0,9260655.42,822658.54,10083313.96,233,19,252,293,26,319,Samsung Mobile V7,Electronics,Samsung,47605.49,33,15709.81,31895.68,197,3.75,4.42,116
PROD000247,4.0,24560571.14,2808214.1700000004,27368785.310000002,215,25,240,274,31,305,HP Laptop V7,Electronics,HP,148527.98,39,57925.91,90602.07,150,0.95,4.36,123
PROD000248,4.0,8784094.03,1186522.5,9970616.53,193,19,212,239,32,271,boAt Headphones V1,Electronics,boAt,50265.72,26,13069.09,37196.63,983,1.51,4.38,105
PROD000249,5.0,8860825.68,1084843.3399999999,9945669.02,190,25,215,238,29,267,Noise Watch V10,Electronics,Noise,44480.15,15,6672.02,37808.13,940,2.6,4.5,96
PROD000250,4.0,34817270.51,3657037.9099999997,38474308.419999994,207,17,224,256,27,283,Apple iPhone V9,Electronics,Apple,148884.05,8,11910.72,136973.33,868,2.82,4.36,109
PROD000251,4.0,368276.6,31938.87,400215.47,155,13,168,193,17,210,Levis Jeans V9,Fashion,Levis,2087.9,7,146.15,1941.75,89,3.65,4.44,84
PROD000252,3.0,560858.2100000001,46905.54,607763.7500000001,162,15,177,216,18,234,Peter England Shirt V5,Fashion,Peter,3085.33,15,462.8,2622.53,574,1.68,4.43,84
PROD000253,4.0,2003813.4000000001,411641.87,2415455.27,136,29,165,171,35,206,Nike Shoes V9,Fashion,Nike,13638.8,13,1773.04,11865.76,312,2.88,4.43,70
PROD000254,4.0,332105.18,34407.19,366512.37,163,18,181,211,22,233,Titan Watch V4,Fashion,Titan,2848.64,44,1253.4,1595.24,104,4.51,4.4,92
PROD000255,5.0,987967.8200000001,83934.08,1071901.9000000001,172,15,187,214,18,232,Puma T-shirt V4,Fashion,Puma,7529.94,38,2861.38,4668.56,672,2.73,4.42,91
PROD000256,5.0,224260.28999999998,19945.399999999998,244205.68999999997,137,11,148,170,15,185,IKEA Chair V9,Home,IKEA,1629.71,18,293.35,1336.36,169,1.69,4.4,77
PROD000257,4.0,3884148.4699999997,230711.12,4114859.59,98,7,105,136,8,144,Prestige Cooker V3,Home,Prestige,34332.01,16,5493.12,28838.89,642,2.86,4.25,52
PROD000258,4.0,471805.06,48663.75,520468.81,120,12,132,145,15,160,Philips Mixer V1,Home,Philips,4063.54,19,772.07,3291.47,286,3.04,4.45,73
PROD000259,5.0,905490.1799999999,123707.08,1029197.2599999999,79,9,88,96,13,109,Godrej Almirah V7,Home,Godrej,11488.15,17,1952.99,9535.16,461,2.63,4.4,43
PROD000260,5.0,366375.89,38704.56,405080.45,94,11,105,124,13,137,Urban Ladder Sofa V10,Home,Urban,4586.34,35,1605.22,2981.12,438,1.43,4.59,49
PROD000261,4.0,182267.05000000002,9761.5,192028.55000000002,61,3,64,73,4,77,Lakme Lipstick V9,Beauty,Lakme,4862.67,48,2334.08,2528.59,114,2.35,4.49,37
PROD000262,4.0,123603.89,12344.02,135947.91,50,4,54,59,6,65,Mamaearth Facewash V4,Beauty,Mamaearth,2739.61,22,602.71,2136.9,328,4.81,4.43,28
PROD000263,5.0,93039.1,20947.62,113986.72,59,11,70,72,16,88,Nivea Cream V1,Beauty,Nivea,1614.33,18,290.58,1323.75,308,1.35,4.37,30
PROD000264,4.0,198908.05,12337.96,211246.00999999998,51,4,55,65,4,69,Dove Soap V1,Beauty,Dove,4896.01,37,1811.52,3084.49,19,0.29,4.28,29
PROD000265,4.0,174772.24,32005.739999999998,206777.97999999998,42,7,49,48,9,57,Plum Serum V1,Beauty,Plum,4193.54,13,545.16,3648.38,956,4.1,4.4,15
PROD000266,5.0,2338754.4,382367.85000000003,2721122.25,86,16,102,117,19,136,Nike T-shirt V4,Sports,Nike,25814.29,22,5679.14,20135.15,721,2.67,4.15,47
PROD000267,5.0,1277823.0499999998,125652.04,1403475.0899999999,90,10,100,112,11,123,Puma Shoes V5,Sports,Puma,21750.39,47,10222.68,11527.71,721,4.31,4.47,49
PROD000268,4.0,812715.6900000001,91589.02,904304.7100000001,105,12,117,133,15,148,Decathlon Cycle V5,Sports,Decathlon,7987.36,23,1837.09,6150.27,395,0.96,4.43,46
PROD000269,5.0,2100531.12,210484.19,2311015.31,103,10,113,131,13,144,Yoga Mat V4,Sports,Yoga,28933.26,44,12730.63,16202.63,371,1.66,4.38,60
PROD000270,4.0,1243510.49,173550.35,1417060.84,94,13,107,109,15,124,Dumbbells V4,Sports,Dumbbells,17825.68,35,6238.99,11586.69,298,1.96,4.41,51
PROD000271,4.0,29735.93,1871.02,31606.95,63,4,67,78,5,83,Fiction Novel V8,Books,Fiction,679.92,50,339.96,339.96,35,2.42,4.34,35
PROD000272,4.0,31893.13,2954.15,34847.28,74,7,81,86,8,94,NCERT Book V9,Books,NCERT,436.15,24,104.68,331.47,651,2.14,4.38,37
PROD000273,5.0,59163.55,2381.4900000000002,61545.04,62,3,65,77,3,80,Comics V7,Books,Comics,933.92,15,140.09,793.83,546,4.27,4.29,35
PROD000274,4.0,32888.64,2994.61,35883.25,83,6,89,93,9,102,Notebook V6,Books,Notebook,575.8,46,264.87,310.93,189,4.31,4.24,49
PROD000275,5.0,44389.54,2726.52,47116.06,50,4,54,62,4,66,Stationery Set V7,Books,Stationery,966.34,25,241.59,724.75,578,1.16,4.5,26
PROD000276,4.0,28348.32,1965.27,30313.59,105,8,113,134,8,142,Aashirvaad Atta V3,Grocery,Aashirvaad,220.86,23,50.8,170.06,136,0.64,4.32,59
PROD000277,4.0,23743.37,3841.79,27585.16,99,15,114,117,19,136,Fortune Oil V9,Grocery,Fortune,229.62,34,78.07,151.55,241,1.75,4.28,53
PROD000278,5.0,125758.43999999999,17129.92,142888.36,104,10,114,118,16,134,Lays Chips V10,Grocery,Lays,1164.64,7,81.52,1083.12,33,2.09,4.55,51
PROD000279,4.0,114968.04,13427.89,128395.93,109,12,121,138,16,154,Nescafe Coffee V2,Grocery,Nescafe,1449.62,41,594.34,855.28,937,4.21,4.3,54
PROD000280,4.0,87932.41,5649.700000000001,93582.11,124,8,132,153,10,163,Haldiram Snacks V10,Grocery,Haldiram,688.2,15,103.23,584.97,26,3.08,4.42,67
PROD000281,5.0,11378746.309999999,1258083.38,12636829.689999998,208,21,229,273,30,303,Samsung Mobile V2,Electronics,Samsung,79674.78,47,37447.15,42227.63,257,0.83,4.55,111
PROD000282,4.0,17520500.869999997,1919471.5299999998,19439972.4,203,23,226,253,28,281,HP Laptop V9,Electronics,HP,80527.79,13,10468.61,70059.18,430,1.14,4.42,120
PROD000283,4.0,7347337.11,1275454.01,8622791.120000001,208,34,242,255,44,299,boAt Headphones V6,Electronics,boAt,56972.35,49,27916.45,29055.9,287,2.93,4.42,117
PROD000284,5.0,17854624.77,2627968.36,20482593.13,197,28,225,247,36,283,Noise Watch V9,Electronics,Noise,132728.2,45,59727.69,73000.51,576,0.8,4.51,114
PROD000285,5.0,15209288.58,1327911.3,16537199.88,213,19,232,265,23,288,Apple iPhone V10,Electronics,Apple,109418.42,47,51426.66,57991.76,405,0.53,4.43,123
PROD000286,4.0,592500.86,73177.48000000001,665678.34,146,18,164,178,22,200,Levis Jeans V4,Fashion,Levis,5878.2,43,2527.63,3350.57,754,3.48,4.36,88
PROD000287,4.0,1780924.0,196055.63999999998,1976979.64,146,17,163,182,20,202,Peter England Shirt V5,Fashion,Peter,10647.1,7,745.3,9901.8,71,3.42,4.42,69
PROD000288,4.0,865862.76,134001.65,999864.41,150,22,172,186,29,215,Nike Shoes V6,Fashion,Nike,8290.19,43,3564.78,4725.41,862,0.69,4.43,76
PROD000289,4.0,1099355.15,101904.85,1201260.0,158,18,176,203,19,222,Titan Watch V4,Fashion,Titan,7191.45,24,1725.95,5465.5,75,4.01,4.36,86
PROD000290,4.0,2043809.25,199353.34,2243162.59,159,13,172,194,19,213,Puma T-shirt V6,Fashion,Puma,13432.76,21,2820.88,10611.88,295,3.57,4.27,94
PROD000291,4.0,2498209.61,127556.4,2625766.01,129,8,137,156,8,164,IKEA Chair V2,Home,IKEA,16996.19,5,849.81,16146.38,348,2.15,4.46,61
PROD000292,5.0,546247.21,53732.729999999996,599979.94,96,9,105,121,12,133,Prestige Cooker V8,Home,Prestige,5785.53,21,1214.96,4570.57,148,2.32,4.42,45
PROD000293,5.0,2683794.92,173404.16,2857199.08,128,8,136,169,11,180,Philips Mixer V9,Home,Philips,26775.34,40,10710.14,16065.2,953,4.39,4.4,60
PROD000294,4.0,3096788.9899999998,375959.36,3472748.3499999996,104,12,116,133,16,149,Godrej Almirah V1,Home,Godrej,32196.86,27,8693.15,23503.71,25,1.4,4.31,52
PROD000295,3.0,3715861.2,515911.96,4231773.16,109,15,124,128,18,146,Urban Ladder Sofa V7,Home,Urban,45801.85,36,16488.67,29313.18,39,3.52,4.34,59
PROD000296,5.0,35252.049999999996,2945.17,38197.219999999994,59,5,64,69,6,75,Lakme Lipstick V7,Beauty,Lakme,719.22,27,194.19,525.03,242,2.64,4.5,36
PROD000297,5.0,103662.5,11632.599999999999,115295.1,48,4,52,63,7,70,Mamaearth Facewash V5,Beauty,Mamaearth,2158.18,23,496.38,1661.8,839,2.33,4.58,26
PROD000298,4.0,105840.51000000001,16816.63,122657.14000000001,55,9,64,63,10,73,Nivea Cream V2,Beauty,Nivea,2103.33,19,399.63,1703.7,608,2.83,4.46,26
PROD000299,4.0,259368.66,3449.85,262818.51,58,1,59,76,1,77,Dove Soap V3,Beauty,Dove,4106.97,16,657.12,3449.85,80,1.26,4.42,26
PROD000300,4.0,146784.0,21273.550000000003,168057.55,42,6,48,61,9,70,Plum Serum V10,Beauty,Plum,3671.41,34,1248.28,2423.13,929,2.18,4.35,26
PROD000301,5.0,239277.2,22482.57,261759.77000000002,84,8,92,115,11,126,Nike T-shirt V1,Sports,Nike,3103.7,32,993.18,2110.52,496,3.13,4.56,45
PROD000302,4.0,2950890.2199999997,303444.79,3254335.01,81,8,89,108,11,119,Puma Shoes V1,Sports,Puma,34482.36,20,6896.47,27585.89,748,3.05,4.24,41
PROD000303,5.0,2155839.93,153347.14,2309187.0700000003,91,7,98,110,8,118,Decathlon Cycle V10,Sports,Decathlon,22340.78,12,2680.89,19659.89,693,3.39,4.36,42
PROD000304,4.0,2478554.12,572651.36,3051205.48,81,16,97,100,23,123,Yoga Mat V5,Sports,Yoga,34264.6,27,9251.44,25013.16,64,1.17,4.26,42
PROD000305,4.0,2270663.9699999997,366045.06,2636709.03,90,16,106,116,19,135,Dumbbells V4,Sports,Dumbbells,24003.09,18,4320.56,19682.53,472,4.54,4.41,51
PROD000306,4.0,131785.33,15384.8,147170.12999999998,68,7,75,86,10,96,Fiction Novel V4,Books,Fiction,1629.98,5,81.5,1548.48,257,3.88,4.49,45
PROD000307,4.0,20100.53,4263.56,24364.09,54,11,65,70,15,85,NCERT Book V2,Books,NCERT,381.99,34,129.88,252.11,265,1.74,4.3,27
PROD000308,4.0,80114.57999999999,10766.34,90880.91999999998,56,6,62,74,10,84,Comics V9,Books,Comics,1925.63,43,828.02,1097.61,518,3.7,4.2,30
PROD000309,4.0,32699.190000000002,2537.99,35237.18,68,6,74,82,6,88,Notebook V4,Books,Notebook,677.2,47,318.28,358.92,846,4.55,4.16,37
PROD000310,4.0,48577.51,2019.43,50596.94,80,4,84,100,4,104,Stationery Set V4,Books,Stationery,582.27,23,133.92,448.35,707,1.29,4.34,44
PROD000311,4.0,237937.2,40925.6,278862.8,92,15,107,116,20,136,Aashirvaad Atta V6,Grocery,Aashirvaad,2526.83,18,454.83,2072.0,455,4.44,4.24,45
PROD000312,4.0,30144.64,2719.41,32864.05,111,9,120,145,14,159,Fortune Oil V10,Grocery,Fortune,178.57,9,16.07,162.5,17,4.01,4.39,56
PROD000313,5.0,62460.89,4279.889999999999,66740.78,96,6,102,128,9,137,Lays Chips V6,Grocery,Lays,899.52,49,440.76,458.76,811,4.32,4.32,57
PROD000314,5.0,75957.61,7926.35,83883.96,101,12,113,124,13,137,Nescafe Coffee V9,Grocery,Nescafe,1164.72,46,535.77,628.95,819,4.44,4.38,55
PROD000315,5.0,53229.26,2355.06,55584.32,109,6,115,147,6,153,Haldiram Snacks V10,Grocery,Haldiram,557.45,41,228.55,328.9,494,0.85,4.41,64
PROD000316,5.0,3197914.7,390525.30000000005,3588440.0,226,29,255,278,34,312,Samsung Mobile V10,Electronics,Samsung,16107.21,28,4510.02,11597.19,145,1.2,4.43,125
PROD000317,4.0,10634500.41,1324750.44,11959250.85,174,17,191,209,26,235,HP Laptop V7,Electronics,HP,56431.57,9,5078.84,51352.73,365,1.47,4.35,97
PROD000318,4.0,893738.15,110646.1,1004384.25,198,25,223,256,32,288,boAt Headphones V8,Electronics,boAt,7073.01,50,3536.51,3536.5,749,3.61,4.32,109
PROD000319,4.0,1849560.0699999998,189406.52,2038966.5899999999,222,23,245,273,28,301,Noise Watch V4,Electronics,Noise,8479.0,19,1611.01,6867.99,151,2.24,4.46,122
PROD000320,4.0,10749609.93,1342727.18,12092337.11,188,27,215,246,31,277,Apple iPhone V4,Electronics,Apple,57003.61,22,12540.79,44462.82,660,1.25,4.45,103
PROD000321,5.0,1206935.6,118571.6,1325507.2000000002,139,11,150,171,17,188,Levis Jeans V8,Fashion,Levis,11456.6,38,4353.51,7103.09,855,1.28,4.39,66
PROD000322,3.0,811682.86,110157.65,921840.51,155,17,172,200,27,227,Peter England Shirt V6,Fashion,Peter,8029.57,49,3934.49,4095.08,824,3.47,4.25,67
PROD000323,3.0,2509736.13,333810.92,2843547.05,174,23,197,227,30,257,Nike Shoes V5,Fashion,Nike,12883.24,13,1674.82,11208.42,459,3.26,4.51,94
PROD000324,4.0,58907.02,10587.99,69495.01,135,23,158,163,30,193,Titan Watch V9,Fashion,Titan,495.32,35,173.36,321.96,276,2.54,4.31,70
PROD000325,5.0,2269810.35,268799.91000000003,2538610.2600000002,147,16,163,184,22,206,Puma T-shirt V3,Fashion,Puma,14814.81,16,2370.37,12444.44,222,0.26,4.45,84
PROD000326,3.0,1035857.89,113430.12,1149288.01,113,11,124,137,15,152,IKEA Chair V6,Home,IKEA,9886.7,23,2273.94,7612.76,790,1.38,4.37,57
PROD000327,5.0,2013421.33,200789.53,2214210.86,107,11,118,131,13,144,Prestige Cooker V7,Home,Prestige,25941.8,40,10376.72,15565.08,281,3.86,4.47,57
PROD000328,4.0,3405532.36,325267.66,3730800.02,120,11,131,146,14,160,Philips Mixer V6,Home,Philips,35179.28,33,11609.16,23570.12,364,4.72,4.49,59
PROD000329,4.0,2609899.24,293544.38,2903443.62,122,12,134,158,18,176,Godrej Almirah V9,Home,Godrej,30335.16,45,13650.82,16684.34,43,4.7,4.4,68
PROD000330,5.0,1178604.04,103880.56999999999,1282484.61,103,11,114,136,12,148,Urban Ladder Sofa V3,Home,Urban,10547.8,17,1793.13,8754.67,335,2.98,4.43,53
PROD000331,4.0,152347.07,12169.18,164516.25,60,4,64,76,6,82,Lakme Lipstick V3,Beauty,Lakme,3039.59,33,1003.06,2036.53,252,3.12,4.13,30
PROD000332,4.0,216198.6,9063.49,225262.09,52,3,55,70,3,73,Mamaearth Facewash V8,Beauty,Mamaearth,4883.35,36,1758.01,3125.34,593,3.09,4.21,24
PROD000333,4.0,26132.52,5807.39,31939.91,47,9,56,57,13,70,Nivea Cream V7,Beauty,Nivea,568.22,26,147.74,420.48,862,3.21,4.32,22
PROD000334,5.0,274052.01999999996,22843.44,296895.45999999996,63,5,68,73,6,79,Dove Soap V5,Beauty,Dove,4587.04,17,779.8,3807.24,711,4.02,4.26,42
PROD000335,5.0,88910.5,7344.320000000001,96254.82,62,6,68,83,7,90,Plum Serum V5,Beauty,Plum,2091.15,48,1003.75,1087.4,440,0.33,4.43,30
PROD000336,5.0,199673.74000000002,21029.08,220702.82,100,11,111,124,13,137,Nike T-shirt V8,Sports,Nike,2395.83,32,766.67,1629.16,459,4.4,4.41,61
PROD000337,4.0,1982772.3,278949.56,2261721.86,82,12,94,105,15,120,Puma Shoes V2,Sports,Puma,30332.63,37,11223.07,19109.56,413,2.07,4.14,50
PROD000338,4.0,120698.89,12095.699999999999,132794.59,85,7,92,101,10,111,Decathlon Cycle V5,Sports,Decathlon,1531.1,21,321.53,1209.57,49,2.83,4.34,44
PROD000339,4.0,807804.63,128915.13,936719.76,83,14,97,101,16,117,Yoga Mat V1,Sports,Yoga,9768.52,17,1660.65,8107.87,297,4.89,4.41,41
PROD000340,4.0,1817241.98,292456.06,2109698.04,93,13,106,117,19,136,Dumbbells V1,Sports,Dumbbells,21673.91,27,5851.96,15821.95,461,1.96,4.5,54
PROD000341,5.0,43110.72,6319.219999999999,49429.94,66,8,74,76,11,87,Fiction Novel V1,Books,Fiction,1092.49,47,513.47,579.02,552,0.99,4.56,36
PROD000342,4.0,46326.47,5721.24,52047.71,75,10,85,103,12,115,NCERT Book V6,Books,NCERT,617.04,31,191.28,425.76,438,0.54,4.41,37
PROD000343,4.0,117086.71,23350.43,140437.14,59,13,72,75,15,90,Comics V6,Books,Comics,1695.93,7,118.72,1577.21,399,1.63,4.57,28
PROD000344,4.0,17510.36,1590.71,19101.07,71,6,77,94,9,103,Notebook V4,Books,Notebook,222.9,37,82.47,140.43,867,4.62,4.24,34
PROD000345,5.0,69992.74,4452.89,74445.63,68,4,72,93,6,99,Stationery Set V10,Books,Stationery,1112.67,31,344.93,767.74,605,3.7,4.47,38
PROD000346,4.0,72042.9,14482.210000000001,86525.11,100,21,121,124,25,149,Aashirvaad Atta V5,Grocery,Aashirvaad,984.57,40,393.83,590.74,675,0.91,4.43,51
PROD000347,5.0,154547.83000000002,6597.780000000001,161145.61000000002,114,5,119,143,6,149,Fortune Oil V8,Grocery,Fortune,1718.17,36,618.54,1099.63,250,0.88,4.42,55
PROD000348,4.0,156875.55,15863.919999999998,172739.46999999997,106,12,118,129,13,142,Lays Chips V4,Grocery,Lays,1449.22,15,217.38,1231.84,177,4.76,4.42,59
PROD000349,4.0,17120.54,1999.0,19119.54,110,17,127,144,17,161,Nescafe Coffee V4,Grocery,Nescafe,78.67,9,7.08,71.59,698,0.38,4.42,55
PROD000350,4.0,167849.11000000002,30486.42,198335.53000000003,94,16,110,116,21,137,Haldiram Snacks V5,Grocery,Haldiram,1576.37,7,110.35,1466.02,707,0.26,4.43,46
PROD000351,4.0,3648587.36,346661.44,3995248.8,207,22,229,251,24,275,Samsung Mobile V2,Electronics,Samsung,19858.65,26,5163.25,14695.4,813,3.52,4.38,104
PROD000352,5.0,17397802.24,1973503.23,19371305.47,197,23,220,236,27,263,HP Laptop V7,Electronics,HP,145488.97,49,71289.6,74199.37,494,3.76,4.56,104
PROD000353,4.0,10127426.55,701686.4400000001,10829112.99,234,18,252,288,20,308,boAt Headphones V1,Electronics,boAt,47258.35,25,11814.59,35443.76,677,3.35,4.32,139
PROD000354,4.0,13061506.36,2031671.15,15093177.51,189,29,218,238,37,275,Noise Watch V8,Electronics,Noise,106180.55,48,50966.66,55213.89,490,2.12,4.43,84
PROD000355,4.0,6728272.12,903430.21,7631702.33,207,27,234,260,35,295,Apple iPhone V4,Electronics,Apple,32641.99,20,6528.4,26113.59,156,0.92,4.43,100
PROD000356,4.0,394153.8,8391.32,402545.12,145,4,149,189,4,193,Levis Jeans V2,Fashion,Levis,3908.02,46,1797.69,2110.33,633,3.65,4.41,80
PROD000357,4.0,975434.81,104244.04000000001,1079678.85,171,16,187,203,22,225,Peter England Shirt V7,Fashion,Peter,7696.12,37,2847.56,4848.56,594,0.61,4.48,99
PROD000358,4.0,1275990.55,200650.01,1476640.56,153,25,178,203,32,235,Nike Shoes V3,Fashion,Nike,9218.49,31,2857.73,6360.76,831,3.07,4.49,78
PROD000359,4.0,747293.22,39555.02,786848.24,179,12,191,226,12,238,Titan Watch V7,Fashion,Titan,3604.43,7,252.31,3352.12,170,1.0,4.4,90
PROD000360,4.0,2470178.58,227815.07,2697993.65,143,14,157,184,17,201,Puma T-shirt V4,Fashion,Puma,14283.53,5,714.18,13569.35,595,1.91,4.31,86
PROD000361,4.0,1474239.96,196722.93,1670962.89,104,13,117,128,17,145,IKEA Chair V2,Home,IKEA,22824.34,49,11183.93,11640.41,290,4.98,4.36,50
PROD000362,4.0,2210314.0100000002,221412.78,2431726.79,112,10,122,141,14,155,Prestige Cooker V10,Home,Prestige,21669.55,27,5850.78,15818.77,382,2.55,4.46,65
PROD000363,4.0,1880135.4100000001,182040.76,2062176.1700000002,103,11,114,136,13,149,Philips Mixer V9,Home,Philips,22610.51,38,8591.99,14018.52,630,3.03,4.41,54
PROD000364,4.0,2622826.52,296869.94,2919696.46,106,11,117,142,16,158,Godrej Almirah V3,Home,Godrej,35911.94,48,17237.73,18674.21,640,4.34,4.39,54
PROD000365,4.0,520490.30000000005,93437.14,613927.4400000001,102,18,120,134,24,158,Urban Ladder Sofa V8,Home,Urban,5438.58,28,1522.8,3915.78,148,2.9,4.36,53
PROD000366,4.0,60077.62,9407.63,69485.25,39,7,46,50,8,58,Lakme Lipstick V1,Beauty,Lakme,1328.01,8,106.24,1221.77,586,1.64,4.47,19
PROD000367,4.0,16776.66,5069.56,21846.22,41,10,51,46,15,61,Mamaearth Facewash V2,Beauty,Mamaearth,346.05,9,31.14,314.91,705,4.59,4.24,25
PROD000368,4.0,206138.54,19881.72,226020.26,52,6,58,63,6,69,Nivea Cream V6,Beauty,Nivea,4194.45,21,880.83,3313.62,751,3.32,4.43,21
PROD000369,4.0,202276.49000000002,14469.75,216746.24000000002,55,5,60,69,5,74,Dove Soap V8,Beauty,Dove,4101.4,28,1148.39,2953.01,952,4.6,4.43,35
PROD000370,3.0,95292.19,8164.58,103456.77,53,5,58,58,5,63,Plum Serum V2,Beauty,Plum,2524.6,34,858.36,1666.24,707,1.68,4.5,28
PROD000371,3.0,1838478.02,220765.68,2059243.7,109,13,122,146,18,164,Nike T-shirt V8,Sports,Nike,15479.79,18,2786.36,12693.43,825,2.83,4.43,54
PROD000372,5.0,1225888.92,166937.02000000002,1392825.94,99,13,112,126,17,143,Puma Shoes V6,Sports,Puma,19755.86,50,9877.93,9877.93,651,3.75,4.51,55
PROD000373,4.0,522149.99000000005,40578.08,562728.0700000001,86,6,92,104,8,112,Decathlon Cycle V6,Sports,Decathlon,7246.09,30,2173.83,5072.26,695,3.97,4.37,43
PROD000374,4.0,3163016.63,266149.17000000004,3429165.8,105,8,113,142,12,154,Yoga Mat V3,Sports,Yoga,28321.37,21,5947.49,22373.88,259,3.54,4.31,51
PROD000375,5.0,1351654.52,243522.45,1595176.97,84,11,95,101,19,120,Dumbbells V10,Sports,Dumbbells,17352.03,22,3817.45,13534.58,332,2.45,4.57,37
PROD000376,5.0,71711.2,11867.36,83578.56,67,13,80,84,14,98,Fiction Novel V4,Books,Fiction,1204.45,28,337.25,867.2,604,3.41,4.41,41
PROD000377,5.0,91208.29,4374.28,95582.56999999999,65,4,69,83,4,87,NCERT Book V8,Books,NCERT,1242.86,10,124.29,1118.57,839,0.9,4.51,35
PROD000378,4.0,16395.16,2129.4,18524.56,70,10,80,86,11,97,Comics V3,Books,Comics,207.93,34,70.7,137.23,524,4.63,4.45,42
PROD000379,4.0,105444.61,25540.82,130985.43,53,12,65,71,17,88,Notebook V4,Books,Notebook,1802.68,16,288.43,1514.25,254,3.94,4.38,29
PROD000380,3.0,25493.99,1241.28,26735.27,68,4,72,90,4,94,Stationery Set V2,Books,Stationery,459.45,48,220.54,238.91,923,1.65,4.27,37
PROD000381,4.0,113549.76999999999,6596.32,120146.09,122,7,129,139,8,147,Aashirvaad Atta V1,Grocery,Aashirvaad,903.03,8,72.24,830.79,147,0.67,4.3,66
PROD000382,5.0,84836.66,13415.2,98251.86,100,16,116,128,20,148,Fortune Oil V3,Grocery,Fortune,1160.79,42,487.53,673.26,131,3.2,4.44,57
PROD000383,4.0,39939.48,3307.9700000000003,43247.450000000004,114,10,124,139,11,150,Lays Chips V1,Grocery,Lays,376.08,36,135.39,240.69,537,1.66,4.47,73
PROD000384,4.0,187645.63,10634.9,198280.53,102,6,108,123,7,130,Nescafe Coffee V4,Grocery,Nescafe,1639.67,6,98.38,1541.29,831,1.44,4.36,58
PROD000385,4.0,202807.65,12480.72,215288.37,111,6,117,131,8,139,Haldiram Snacks V7,Grocery,Haldiram,2496.17,37,923.58,1572.59,175,1.41,4.39,57
PROD000386,5.0,9424965.57,1171829.1199999999,10596794.69,205,24,229,259,32,291,Samsung Mobile V6,Electronics,Samsung,63340.68,42,26603.09,36737.59,237,3.34,4.31,108
PROD000387,4.0,20102388.22,2736935.48,22839323.7,193,25,218,237,32,269,HP Laptop V10,Electronics,HP,92261.96,7,6458.34,85803.62,112,4.91,4.4,93
PROD000388,4.0,2575571.97,298245.86,2873817.83,220,24,244,274,32,306,boAt Headphones V5,Electronics,boAt,15586.6,39,6078.77,9507.83,810,2.84,4.31,103
PROD000389,4.0,17671700.029999997,1730967.38,19402667.409999996,200,18,218,256,25,281,Noise Watch V4,Electronics,Noise,81166.42,14,11363.3,69803.12,542,2.57,4.29,97
PROD000390,4.0,6303768.5200000005,511992.22000000003,6815760.74,206,16,222,248,20,268,Apple iPhone V4,Electronics,Apple,34778.09,26,9042.3,25735.79,53,2.84,4.41,124
PROD000391,4.0,1531593.9100000001,159199.72,1690793.6300000001,163,19,182,202,21,223,Levis Jeans V6,Fashion,Levis,8605.21,11,946.57,7658.64,269,4.29,4.37,89
PROD000392,4.0,1945791.75,317509.97000000003,2263301.72,136,23,159,173,28,201,Peter England Shirt V7,Fashion,Peter,14784.25,23,3400.38,11383.87,142,1.26,4.28,78
PROD000393,4.0,571420.93,87056.26000000001,658477.1900000001,143,18,161,173,26,199,Nike Shoes V5,Fashion,Nike,5992.88,44,2636.87,3356.01,221,4.94,4.3,89
PROD000394,4.0,2537629.9899999998,415577.95999999996,2953207.9499999997,166,22,188,202,33,235,Titan Watch V9,Fashion,Titan,14397.79,12,1727.73,12670.06,36,4.4,4.38,94
PROD000395,4.0,990082.67,130060.08000000002,1120142.75,149,18,167,183,24,207,Puma T-shirt V2,Fashion,Puma,10933.62,50,5466.81,5466.81,934,3.04,4.35,71
PROD000396,4.0,1295482.4,114030.43,1409512.8299999998,112,11,123,148,13,161,IKEA Chair V9,Home,IKEA,9513.25,7,665.93,8847.32,716,3.07,4.44,63
PROD000397,4.0,3774297.73,506558.04000000004,4280855.77,93,15,108,117,16,133,Prestige Cooker V9,Home,Prestige,41119.61,21,8635.12,32484.49,856,3.62,4.33,51
PROD000398,4.0,3319053.95,332741.4,3651795.35,106,12,118,128,13,141,Philips Mixer V6,Home,Philips,27872.46,6,1672.35,26200.11,52,4.32,4.34,56
PROD000399,4.0,658867.19,100951.2,759818.3899999999,107,17,124,130,20,150,Godrej Almirah V4,Home,Godrej,5639.6,9,507.56,5132.04,706,3.5,4.49,59
PROD000400,3.0,994118.1599999999,120952.20999999999,1115070.3699999999,105,13,118,127,16,143,Urban Ladder Sofa V7,Home,Urban,9829.73,20,1965.95,7863.78,439,1.29,4.33,58
PROD000401,4.0,20253.06,2486.35,22739.41,43,4,47,51,7,58,Lakme Lipstick V7,Beauty,Lakme,677.58,47,318.46,359.12,404,4.04,4.22,27
PROD000402,4.0,51257.28,10838.2,62095.479999999996,39,8,47,46,10,56,Mamaearth Facewash V8,Beauty,Mamaearth,1710.57,34,581.59,1128.98,181,3.45,4.26,27
PROD000403,4.0,81793.19,1563.68,83356.87,43,1,44,53,1,54,Nivea Cream V8,Beauty,Nivea,2113.08,26,549.4,1563.68,818,2.78,4.42,24
PROD000404,4.0,200386.16,12679.05,213065.21,63,4,67,80,5,85,Dove Soap V6,Beauty,Dove,3842.14,34,1306.33,2535.81,213,4.1,4.34,38
PROD000405,5.0,129570.12,8676.17,138246.29,45,4,49,59,4,63,Plum Serum V9,Beauty,Plum,2471.84,10,247.18,2224.66,754,1.78,4.55,20
PROD000406,4.0,3720589.38,504999.6,4225588.9799999995,96,14,110,116,16,132,Nike T-shirt V4,Sports,Nike,34089.04,5,1704.45,32384.59,820,0.41,4.54,61
PROD000407,4.0,1255464.6199999999,89374.95,1344839.5699999998,102,7,109,128,9,137,Puma Shoes V2,Sports,Puma,15277.77,35,5347.22,9930.55,604,1.96,4.46,56
PROD000408,4.0,1707879.17,144319.2,1852198.3699999999,94,7,101,120,10,130,Decathlon Cycle V1,Sports,Decathlon,17612.1,18,3170.18,14441.92,908,2.24,4.43,49
PROD000409,4.0,1807122.94,222161.79,2029284.73,97,13,110,122,15,137,Yoga Mat V9,Sports,Yoga,19005.45,21,3991.14,15014.31,973,3.45,4.33,61
PROD000410,5.0,602579.63,68727.54,671307.17,103,12,115,124,14,138,Dumbbells V10,Sports,Dumbbells,9262.48,47,4353.37,4909.11,861,1.49,4.33,52
PROD000411,4.0,67552.42,7429.580000000001,74982.0,76,9,85,100,11,111,Fiction Novel V8,Books,Fiction,816.91,16,130.71,686.2,408,0.24,4.41,39
PROD000412,4.0,18622.32,1409.8899999999999,20032.21,75,7,82,85,7,92,NCERT Book V4,Books,NCERT,268.29,37,99.27,169.02,937,1.89,4.16,44
PROD000413,4.0,42656.93,5281.68,47938.61,59,7,66,72,9,81,Comics V2,Books,Comics,867.27,30,260.18,607.09,232,0.74,4.33,30
PROD000414,4.0,50754.86,6017.8099999999995,56772.67,87,7,94,101,13,114,Notebook V2,Books,Notebook,604.23,23,138.97,465.26,201,0.88,4.47,47
PROD000415,5.0,70748.86,7156.860000000001,77905.72,65,8,73,78,8,86,Stationery Set V6,Books,Stationery,1350.87,32,432.28,918.59,189,2.84,4.38,37
PROD000416,4.0,36436.07,4562.7699999999995,40998.84,100,12,112,130,16,146,Aashirvaad Atta V3,Grocery,Aashirvaad,415.69,43,178.75,236.94,962,2.18,4.36,50
PROD000417,4.0,156462.96,22689.659999999996,179152.62,100,16,116,125,18,143,Fortune Oil V2,Grocery,Fortune,1669.57,24,400.7,1268.87,206,3.29,4.28,58
PROD000418,5.0,222422.82,23350.7,245773.52000000002,98,11,109,126,13,139,Lays Chips V9,Grocery,Lays,2818.6,36,1014.7,1803.9,756,0.68,4.36,53
PROD000419,5.0,139860.52000000002,19375.050000000003,159235.57,83,13,96,109,15,124,Nescafe Coffee V9,Grocery,Nescafe,1399.65,7,97.98,1301.67,643,4.64,4.46,46
PROD000420,4.0,226709.99000000002,34335.060000000005,261045.05000000002,108,15,123,133,20,153,Haldiram Snacks V3,Grocery,Haldiram,2828.49,39,1103.11,1725.38,293,3.12,4.39,56
PROD000421,4.0,25953885.48,2994499.8000000003,28948385.28,212,21,233,253,29,282,Samsung Mobile V4,Electronics,Samsung,141939.6,27,38323.69,103615.91,821,4.8,4.53,118
PROD000422,4.0,11937238.26,1193353.47,13130591.73,213,20,233,268,27,295,HP Laptop V4,Electronics,HP,86607.65,48,41571.67,45035.98,940,1.55,4.41,113
PROD000423,4.0,16091090.180000002,2165298.64,18256388.82,189,25,214,240,32,272,boAt Headphones V7,Electronics,boAt,87883.47,23,20213.2,67670.27,728,2.89,4.23,99
PROD000424,5.0,24401753.130000003,3414536.8000000003,27816289.930000003,219,29,248,287,40,327,Noise Watch V2,Electronics,Noise,95813.32,10,9581.33,86231.99,794,1.07,4.48,117
PROD000425,5.0,25812602.709999997,2512372.79,28324975.499999996,200,21,221,246,24,270,Apple iPhone V8,Electronics,Apple,130878.41,19,24866.9,106011.51,494,0.89,4.51,97
PROD000426,4.0,70217.69,11638.5,81856.19,152,25,177,192,32,224,Levis Jeans V7,Fashion,Levis,415.83,21,87.32,328.51,206,4.65,4.35,74
PROD000427,5.0,1382125.16,163446.84,1545572.0,173,19,192,202,24,226,Peter England Shirt V3,Fashion,Peter,11901.42,42,4998.6,6902.82,848,2.21,4.36,80
PROD000428,3.0,519863.95,42073.93,561937.88,133,13,146,172,14,186,Nike Shoes V6,Fashion,Nike,5205.24,41,2134.15,3071.09,459,3.83,4.45,75
PROD000429,5.0,1114722.14,203313.31,1318035.45,146,23,169,175,32,207,Titan Watch V7,Fashion,Titan,11897.62,46,5472.91,6424.71,573,3.05,4.39,84
PROD000430,4.0,1728749.08,140233.49,1868982.57,153,14,167,184,15,199,Puma T-shirt V7,Fashion,Puma,12651.66,25,3162.91,9488.75,646,3.41,4.47,92
PROD000431,4.0,3536991.5100000002,594647.49,4131639.0,102,17,119,130,22,152,IKEA Chair V7,Home,IKEA,29785.99,8,2382.88,27403.11,987,3.4,4.31,49
PROD000432,3.0,4624517.55,513857.5,5138375.05,111,10,121,127,14,141,Prestige Cooker V2,Home,Prestige,47676.95,23,10965.7,36711.25,820,3.3,4.41,66
PROD000433,4.0,211823.52,17480.84,229304.36,111,11,122,132,11,143,Philips Mixer V7,Home,Philips,2342.66,31,726.22,1616.44,456,4.7,4.29,59
PROD000434,4.0,3237481.58,276576.2,3514057.7800000003,101,10,111,119,10,129,Godrej Almirah V3,Home,Godrej,39539.45,30,11861.83,27677.62,189,0.89,4.36,56
PROD000435,4.0,51913.72,5280.35,57194.07,109,12,121,134,13,147,Urban Ladder Sofa V6,Home,Urban,418.58,16,66.97,351.61,259,1.22,4.41,58
PROD000436,4.0,74963.94,3826.9800000000005,78790.92,47,3,50,59,3,62,Lakme Lipstick V3,Beauty,Lakme,1371.68,7,96.02,1275.66,749,1.16,4.14,21
PROD000437,4.0,26964.329999999998,3204.48,30168.809999999998,56,7,63,70,8,78,Mamaearth Facewash V1,Beauty,Mamaearth,423.9,19,80.54,343.36,923,1.34,4.48,31
PROD000438,4.0,84470.41,12113.19,96583.6,38,5,43,48,7,55,Nivea Cream V3,Beauty,Nivea,2508.94,29,727.59,1781.35,254,4.97,4.32,19
PROD000439,4.0,56743.57,7563.490000000001,64307.06,55,8,63,68,9,77,Dove Soap V8,Beauty,Dove,1634.28,48,784.45,849.83,547,1.33,4.3,27
PROD000440,4.0,21696.42,3324.75,25021.17,47,8,55,58,9,67,Plum Serum V6,Beauty,Plum,589.04,43,253.29,335.75,489,3.67,4.46,28
PROD000441,5.0,1780380.14,175364.33,1955744.47,101,11,112,134,13,147,Nike T-shirt V7,Sports,Nike,14666.75,8,1173.34,13493.41,885,2.73,4.45,51
PROD000442,4.0,190057.25999999998,18547.8,208605.05999999997,100,12,112,132,13,145,Puma Shoes V8,Sports,Puma,2276.35,36,819.49,1456.86,617,0.8,4.35,63
PROD000443,4.0,1753458.6,262756.0,2016214.6,78,10,88,94,14,108,Decathlon Cycle V10,Sports,Decathlon,29342.19,36,10563.19,18779.0,640,2.41,4.14,35
PROD000444,4.0,2564928.02,340653.73000000004,2905581.75,92,13,105,118,16,134,Yoga Mat V10,Sports,Yoga,28571.74,23,6571.5,22000.24,57,3.85,4.39,44
PROD000445,5.0,1148278.6300000001,157382.05000000002,1305660.6800000002,77,11,88,103,14,117,Dumbbells V6,Sports,Dumbbells,16650.66,32,5328.21,11322.45,931,4.67,4.29,42
PROD000446,4.0,102416.73999999999,19953.25,122369.98999999999,61,12,73,78,15,93,Fiction Novel V2,Books,Fiction,1932.68,31,599.13,1333.55,440,3.79,4.26,27
PROD000447,4.0,67554.38,11332.080000000002,78886.46,59,10,69,67,11,78,NCERT Book V10,Books,NCERT,1464.28,29,424.64,1039.64,696,3.02,4.3,27
PROD000448,4.0,35236.11,968.25,36204.36,58,2,60,76,2,78,Comics V8,Books,Comics,695.37,39,271.19,424.18,535,0.62,4.31,32
PROD000449,4.0,39133.5,4212.94,43346.44,64,7,71,80,9,89,Notebook V3,Books,Notebook,560.05,19,106.41,453.64,691,4.67,4.4,25
PROD000450,4.0,11536.57,1867.7,13404.27,69,10,79,87,14,101,Stationery Set V3,Books,Stationery,132.59,38,50.38,82.21,95,3.48,4.35,43
PROD000451,4.0,67603.14,5459.12,73062.26,118,11,129,142,11,153,Aashirvaad Atta V4,Grocery,Aashirvaad,738.61,41,302.83,435.78,755,4.55,4.44,66
PROD000452,4.0,297012.67,25705.420000000002,322718.08999999997,115,10,125,150,13,163,Fortune Oil V5,Grocery,Fortune,2174.37,8,173.95,2000.42,739,4.12,4.32,56
PROD000453,4.0,19473.46,1758.33,21231.79,112,12,124,151,15,166,Lays Chips V4,Grocery,Lays,114.07,29,33.08,80.99,364,2.25,4.3,67
PROD000454,4.0,96070.01000000001,4523.33,100593.34000000001,110,6,116,151,7,158,Nescafe Coffee V3,Grocery,Nescafe,1292.37,50,646.18,646.19,424,2.55,4.35,55
PROD000455,4.0,123013.56999999999,10401.869999999999,133415.44,108,8,116,131,11,142,Haldiram Snacks V10,Grocery,Haldiram,1239.35,23,285.05,954.3,180,1.96,4.39,62
PROD000456,4.0,12159824.620000001,980794.17,13140618.790000001,216,18,234,260,21,281,Samsung Mobile V8,Electronics,Samsung,68341.99,31,21186.02,47155.97,134,1.01,4.37,111
PROD000457,5.0,5425880.36,620721.62,6046601.98,204,24,228,246,28,274,HP Laptop V10,Electronics,HP,26910.01,17,4574.7,22335.31,620,4.11,4.37,108
PROD000458,4.0,16175916.06,2909596.53,19085512.59,214,31,245,257,46,303,boAt Headphones V6,Electronics,boAt,97949.73,35,34282.41,63667.32,371,1.2,4.43,107
PROD000459,5.0,25355551.55,3450011.55,28805563.1,190,29,219,233,32,265,Noise Watch V10,Electronics,Noise,128863.18,15,19329.48,109533.7,989,0.35,4.34,99
PROD000460,4.0,23970371.03,2776912.3,26747283.330000002,204,24,228,273,32,305,Apple iPhone V9,Electronics,Apple,136493.6,35,47772.76,88720.84,833,2.07,4.44,98
PROD000461,5.0,1006601.1699999999,135851.75999999998,1142452.93,164,21,185,201,27,228,Levis Jeans V7,Fashion,Levis,9021.63,44,3969.52,5052.11,830,2.27,4.38,81
PROD000462,4.0,1161867.21,93910.91,1255778.1199999999,155,14,169,196,16,212,Peter England Shirt V9,Fashion,Peter,8215.77,27,2218.26,5997.51,234,4.16,4.36,70
PROD000463,3.0,1431049.74,169544.56,1600594.3,148,17,165,178,21,199,Nike Shoes V10,Fashion,Nike,14749.41,45,6637.23,8112.18,318,1.73,4.4,81
PROD000464,5.0,2000356.6199999999,239759.78,2240116.4,146,15,161,175,21,196,Titan Watch V1,Fashion,Titan,14784.26,22,3252.54,11531.72,409,4.77,4.44,81
PROD000465,5.0,137842.72,16866.08,154708.8,163,18,181,215,26,241,Puma T-shirt V7,Fashion,Puma,1114.57,41,456.97,657.6,349,0.36,4.41,86
PROD000466,4.0,3058417.83,146981.63999999998,3205399.47,95,5,100,126,6,132,IKEA Chair V8,Home,IKEA,30243.13,19,5746.19,24496.94,249,1.7,4.41,41
PROD000467,4.0,3562204.0999999996,190748.08,3752952.1799999997,115,7,122,151,8,159,Prestige Cooker V8,Home,Prestige,25923.65,8,2073.89,23849.76,162,4.54,4.42,65
PROD000468,4.0,345059.45,40546.37,385605.82,102,10,112,128,15,143,Philips Mixer V10,Home,Philips,3034.78,10,303.48,2731.3,926,1.76,4.22,51
PROD000469,4.0,1351550.2,102909.0,1454459.2,125,12,137,156,12,168,Godrej Almirah V10,Home,Godrej,10160.52,14,1422.47,8738.05,962,0.52,4.47,64
PROD000470,4.0,4392238.65,319612.0,4711850.65,130,8,138,166,12,178,Urban Ladder Sofa V5,Home,Urban,42965.32,38,16326.82,26638.5,685,4.52,4.47,66
PROD000471,5.0,38459.38,3310.0,41769.38,50,5,55,58,5,63,Lakme Lipstick V7,Beauty,Lakme,1324.52,49,649.01,675.51,820,4.84,4.52,31
PROD000472,5.0,51402.61,7085.68,58488.29,52,5,57,59,8,67,Mamaearth Facewash V2,Beauty,Mamaearth,1321.95,33,436.24,885.71,789,3.95,4.48,23
PROD000473,5.0,16027.01,3310.2400000000002,19337.25,56,12,68,67,14,81,Nivea Cream V9,Beauty,Nivea,355.79,47,167.22,188.57,413,2.44,4.59,27
PROD000474,4.0,171719.96,8547.31,180267.27,55,3,58,59,3,62,Dove Soap V7,Beauty,Dove,4093.54,28,1146.19,2947.35,167,2.12,4.44,32
PROD000475,5.0,211042.14,49052.479999999996,260094.62,50,7,57,61,14,75,Plum Serum V5,Beauty,Plum,3691.92,5,184.6,3507.32,826,1.91,4.53,30
PROD000476,4.0,1025216.8699999999,119159.22,1144376.0899999999,89,11,100,112,13,125,Nike T-shirt V8,Sports,Nike,13900.33,33,4587.11,9313.22,177,3.02,4.31,52
PROD000477,5.0,1870197.68,156996.98,2027194.66,97,9,106,118,10,128,Puma Shoes V10,Sports,Puma,22885.86,30,6865.76,16020.1,735,4.09,4.45,58
PROD000478,4.0,3252037.27,562286.37,3814323.64,98,17,115,121,21,142,Decathlon Cycle V8,Sports,Decathlon,32578.57,17,5538.36,27040.21,931,0.67,4.29,49
PROD000479,4.0,2610696.6599999997,303258.05,2913954.7099999995,86,7,93,103,12,115,Yoga Mat V6,Sports,Yoga,31854.84,20,6370.97,25483.87,799,0.89,4.26,54
PROD000480,5.0,1960734.98,141357.47,2102092.45,96,8,104,124,9,133,Dumbbells V1,Sports,Dumbbells,28684.56,44,12621.21,16063.35,833,4.96,4.61,54
PROD000481,4.0,57569.520000000004,13997.66,71567.18000000001,52,9,61,62,15,77,Fiction Novel V5,Books,Fiction,1342.06,30,402.62,939.44,843,0.95,4.27,26
PROD000482,4.0,56822.21,9672.130000000001,66494.34,54,10,64,66,11,77,NCERT Book V9,Books,NCERT,1402.9,37,519.07,883.83,391,2.0,4.14,28
PROD000483,5.0,27182.17,2792.86,29975.03,60,5,65,74,8,82,Comics V3,Books,Comics,586.23,44,257.94,328.29,777,3.92,4.45,33
PROD000484,5.0,119538.64,15069.05,134607.69,63,6,69,78,10,88,Notebook V2,Books,Notebook,1861.69,16,297.87,1563.82,173,0.96,4.44,36
PROD000485,4.0,12400.87,986.25,13387.12,63,6,69,84,7,91,Stationery Set V1,Books,Stationery,135.17,23,31.09,104.08,126,1.62,4.5,32
PROD000486,5.0,182560.57,29396.34,211956.91,85,12,97,112,18,130,Aashirvaad Atta V10,Grocery,Aashirvaad,2450.68,32,784.22,1666.46,606,2.43,4.57,49
PROD000487,4.0,173237.69999999998,22087.46,195325.15999999997,108,12,120,132,17,149,Fortune Oil V9,Grocery,Fortune,2112.01,37,781.44,1330.57,770,0.34,4.27,60
PROD000488,4.0,248045.16,18556.4,266601.56,101,8,109,134,10,144,Lays Chips V4,Grocery,Lays,2634.71,29,764.07,1870.64,214,2.97,4.44,55
PROD000489,5.0,31789.16,4331.49,36120.65,104,13,117,122,17,139,Nescafe Coffee V1,Grocery,Nescafe,258.12,17,43.88,214.24,488,4.34,4.32,60
PROD000490,5.0,154716.16,19951.96,174668.12,103,14,117,122,16,138,Haldiram Snacks V7,Grocery,Haldiram,1561.44,18,281.06,1280.38,430,4.05,4.34,53
PROD000491,4.0,14129915.379999999,1585203.38,15715118.759999998,203,23,226,250,28,278,Samsung Mobile V10,Electronics,Samsung,67090.7,15,10063.6,57027.1,569,3.0,4.38,112
PROD000492,5.0,15102317.99,2043870.18,17146188.17,222,29,251,274,37,311,HP Laptop V2,Electronics,HP,106828.5,48,51277.68,55550.82,381,1.26,4.36,123
PROD000493,5.0,20218777.45,1621336.3,21840113.75,206,16,222,260,21,281,boAt Headphones V1,Electronics,boAt,86495.05,9,7784.55,78710.5,191,4.67,4.43,103
PROD000494,4.0,17705232.85,1891600.31,19596833.16,207,23,230,260,28,288,Noise Watch V7,Electronics,Noise,125074.4,45,56283.48,68790.92,228,3.41,4.41,111
PROD000495,4.0,33138589.02,3763797.21,36902386.23,223,28,251,282,32,314,Apple iPhone V8,Electronics,Apple,146592.17,19,27852.51,118739.66,761,4.95,4.38,123
PROD000496,5.0,1244173.71,170404.21,1414577.92,144,17,161,175,24,199,Levis Jeans V8,Fashion,Levis,10582.91,32,3386.53,7196.38,746,4.55,4.42,80
PROD000497,4.0,914620.69,79021.54,993642.23,154,15,169,207,18,225,Peter England Shirt V5,Fashion,Peter,7169.41,38,2724.38,4445.03,171,4.94,4.45,80
PROD000498,5.0,995182.4700000001,130212.75,1125395.2200000002,167,22,189,221,29,250,Nike Shoes V10,Fashion,Nike,5556.57,18,1000.18,4556.39,362,4.39,4.37,90
PROD000499,3.0,865254.89,64404.73,929659.62,161,13,174,201,15,216,Titan Watch V10,Fashion,Titan,5376.6,19,1021.55,4355.05,709,3.36,4.48,93
PROD000500,5.0,544985.28,63486.0,608471.28,167,21,188,216,25,241,Puma T-shirt V8,Fashion,Puma,3219.55,21,676.11,2543.44,704,4.16,4.35,80
PROD000501,4.0,2309069.58,235025.0,2544094.58,106,11,117,128,13,141,IKEA Chair V2,Home,IKEA,23076.74,21,4846.12,18230.62,65,3.97,4.48,52
PROD000502,5.0,2777965.02,236736.52,3014701.54,90,7,97,117,10,127,Prestige Cooker V3,Home,Prestige,29161.93,18,5249.15,23912.78,261,3.71,4.31,45
PROD000503,4.0,2603732.5,359867.5,2963600.0,108,13,121,124,17,141,Philips Mixer V6,Home,Philips,39217.6,46,18040.1,21177.5,870,4.85,4.23,60
PROD000504,4.0,2068674.21,205901.52,2274575.73,97,10,107,119,12,131,Godrej Almirah V9,Home,Godrej,24786.51,29,7188.09,17598.42,995,2.49,4.33,43
PROD000505,4.0,815286.3099999999,97315.79999999999,912602.1099999999,100,9,109,119,14,133,Urban Ladder Sofa V2,Home,Urban,8379.16,17,1424.46,6954.7,225,0.89,4.35,51
PROD000506,3.0,124993.63,21457.46,146451.09,51,9,60,59,10,69,Lakme Lipstick V7,Beauty,Lakme,2778.75,22,611.33,2167.42,579,0.3,4.25,24
PROD000507,4.0,156494.71000000002,12881.230000000001,169375.94000000003,56,6,62,73,6,79,Mamaearth Facewash V8,Beauty,Mamaearth,2990.77,27,807.51,2183.26,270,0.93,4.41,32
PROD000508,5.0,81689.32,7878.780000000001,89568.1,53,5,58,63,6,69,Nivea Cream V4,Beauty,Nivea,1959.89,33,646.76,1313.13,870,3.01,4.69,29
PROD000509,5.0,65454.880000000005,6546.84,72001.72,48,5,53,61,6,67,Dove Soap V7,Beauty,Dove,1849.39,41,758.25,1091.14,882,3.51,4.7,23
PROD000510,4.0,172497.27,14693.82,187191.09,50,4,54,71,6,77,Plum Serum V3,Beauty,Plum,3401.35,28,952.38,2448.97,646,1.73,4.26,27
PROD000511,4.0,679608.71,77837.78,757446.49,113,13,126,139,16,155,Nike T-shirt V7,Sports,Nike,6120.76,19,1162.94,4957.82,947,2.59,4.32,59
PROD000512,5.0,2993115.69,136568.16999999998,3129683.86,99,6,105,126,6,132,Puma Shoes V10,Sports,Puma,26338.57,9,2370.47,23968.1,147,0.54,4.37,51
PROD000513,4.0,668404.03,80989.14,749393.17,80,10,90,92,11,103,Decathlon Cycle V2,Sports,Decathlon,8989.93,18,1618.19,7371.74,244,4.51,4.32,41
PROD000514,5.0,1361342.21,142996.56,1504338.77,90,9,99,116,12,128,Yoga Mat V9,Sports,Yoga,21279.25,44,9362.87,11916.38,680,4.02,4.46,35
PROD000515,5.0,689934.48,84790.56,774725.04,89,13,102,112,14,126,Dumbbells V8,Sports,Dumbbells,8378.43,26,2178.39,6200.04,951,0.29,4.36,53
PROD000516,5.0,39357.07,7006.42,46363.49,59,9,68,73,13,86,Fiction Novel V10,Books,Fiction,989.9,44,435.56,554.34,815,1.6,4.33,27
PROD000517,4.0,87797.62,10011.519999999999,97809.14,55,5,60,62,7,69,NCERT Book V9,Books,NCERT,1819.44,21,382.08,1437.36,131,3.09,4.07,27
PROD000518,4.0,55091.659999999996,7995.83,63087.49,63,10,73,76,11,87,Comics V7,Books,Comics,1175.45,37,434.92,740.53,583,3.21,4.45,33
PROD000519,5.0,47545.060000000005,4618.85,52163.91,70,8,78,92,9,101,Notebook V5,Books,Notebook,794.83,34,270.24,524.59,725,3.12,4.42,40
PROD000520,4.0,121898.01,8118.78,130016.79,72,6,78,87,6,93,Stationery Set V1,Books,Stationery,1728.08,18,311.05,1417.03,811,0.65,4.21,42
PROD000521,4.0,24130.83,2429.87,26560.7,105,10,115,124,12,136,Aashirvaad Atta V2,Grocery,Aashirvaad,159.98,8,12.8,147.18,908,3.85,4.44,57
PROD000522,4.0,145068.4,15619.86,160688.26,98,10,108,120,13,133,Fortune Oil V6,Grocery,Fortune,1490.82,18,268.35,1222.47,973,2.27,4.49,53
PROD000523,5.0,95951.2,10296.369999999999,106247.56999999999,106,12,118,130,14,144,Lays Chips V8,Grocery,Lays,1391.78,46,640.22,751.56,980,0.63,4.53,51
PROD000524,4.0,217028.92,20853.79,237882.71000000002,92,7,99,115,11,126,Nescafe Coffee V9,Grocery,Nescafe,2721.27,30,816.38,1904.89,294,4.91,4.35,46
PROD000525,4.0,182336.34000000003,9155.04,191491.38000000003,115,7,122,161,8,169,Haldiram Snacks V4,Grocery,Haldiram,1285.82,11,141.44,1144.38,720,2.87,4.34,67
PROD000526,4.0,4548735.66,616932.33,5165667.99,196,20,216,246,33,279,Samsung Mobile V1,Electronics,Samsung,22809.77,18,4105.76,18704.01,570,0.86,4.44,94
PROD000527,4.0,22476013.38,2468696.4,24944709.779999997,194,22,216,239,26,265,HP Laptop V7,Electronics,HP,105512.67,10,10551.27,94961.4,372,3.86,4.33,113
PROD000528,4.0,23782938.2,2208132.47,25991070.669999998,216,21,237,266,25,291,boAt Headphones V2,Electronics,boAt,133093.2,32,42589.82,90503.38,735,2.47,4.36,103
PROD000529,5.0,1666770.7,272456.01,1939226.71,184,26,210,218,36,254,Noise Watch V7,Electronics,Noise,13515.01,43,5811.45,7703.56,593,4.33,4.39,113
PROD000530,4.0,10657007.61,834283.88,11491291.49,233,18,251,282,22,304,Apple iPhone V10,Electronics,Apple,64587.4,41,26480.83,38106.57,299,3.02,4.43,117
PROD000531,4.0,538195.48,46765.66,584961.14,161,12,173,208,18,226,Levis Jeans V3,Fashion,Levis,3041.16,14,425.76,2615.4,168,0.65,4.44,87
PROD000532,4.0,98939.13,12456.68,111395.81,128,16,144,166,21,187,Peter England Shirt V7,Fashion,Peter,1065.13,43,458.01,607.12,42,0.25,4.31,70
PROD000533,4.0,70685.27,6013.02,76698.29000000001,168,13,181,218,19,237,Nike Shoes V9,Fashion,Nike,552.83,47,259.83,293.0,933,2.07,4.32,87
PROD000534,5.0,1288019.12,182213.64,1470232.7600000002,151,20,171,193,27,220,Titan Watch V2,Fashion,Titan,7528.45,10,752.85,6775.6,339,0.55,4.53,78
PROD000535,5.0,1053741.13,71256.9,1124998.0299999998,170,11,181,207,14,221,Puma T-shirt V10,Fashion,Puma,9943.82,48,4773.03,5170.79,622,2.23,4.52,92
PROD000536,5.0,2572560.4899999998,350096.06999999995,2922656.5599999996,115,17,132,148,20,168,IKEA Chair V5,Home,IKEA,25632.86,31,7946.19,17686.67,390,1.08,4.42,62
PROD000537,5.0,580797.82,81027.08,661824.8999999999,92,9,101,114,16,130,Prestige Cooker V1,Home,Prestige,9013.67,43,3875.88,5137.79,63,3.55,4.31,48
PROD000538,5.0,2837864.6,225713.03000000003,3063577.63,111,9,120,136,11,147,Philips Mixer V6,Home,Philips,27786.9,24,6668.86,21118.04,928,2.62,4.35,69
PROD000539,4.0,1059854.12,105819.44,1165673.56,101,11,112,118,12,130,Godrej Almirah V7,Home,Godrej,13114.02,31,4065.35,9048.67,71,4.03,4.35,46
PROD000540,4.0,1914452.36,173986.58,2088438.9400000002,110,10,120,142,13,155,Urban Ladder Sofa V4,Home,Urban,19716.55,31,6112.13,13604.42,364,1.42,4.4,62
PROD000541,5.0,65231.05,9605.75,74836.8,57,8,65,76,11,87,Lakme Lipstick V1,Beauty,Lakme,1027.35,15,154.1,873.25,207,1.65,4.38,29
PROD000542,5.0,117394.61,18144.48,135539.09,41,7,48,52,8,60,Mamaearth Facewash V4,Beauty,Mamaearth,4503.48,49,2206.71,2296.77,394,3.56,4.69,26
PROD000543,4.0,115457.07,11384.16,126841.23000000001,59,7,66,71,7,78,Nivea Cream V3,Beauty,Nivea,2626.79,37,971.91,1654.88,925,2.51,4.31,29
PROD000544,4.0,8442.07,0.0,8442.07,51,0,51,64,0,64,Dove Soap V3,Beauty,Dove,165.2,50,82.6,82.6,667,1.04,4.37,27
PROD000545,4.0,274198.21,24257.370000000003,298455.58,61,6,67,78,7,85,Plum Serum V1,Beauty,Plum,3930.33,10,393.03,3537.3,980,2.63,4.35,31
PROD000546,5.0,1444529.75,149475.53,1594005.28,98,11,109,127,13,140,Nike T-shirt V5,Sports,Nike,18557.76,38,7051.95,11505.81,377,3.27,4.46,50
PROD000547,5.0,511920.11,48956.71,560876.82,103,10,113,133,13,146,Puma Shoes V7,Sports,Puma,7346.01,47,3452.62,3893.39,843,4.74,4.33,55
PROD000548,4.0,101248.70999999999,7560.44,108809.15,99,7,106,121,9,130,Decathlon Cycle V9,Sports,Decathlon,1251.71,32,400.55,851.16,779,0.48,4.06,49
PROD000549,4.0,475738.64,27509.7,503248.34,114,6,120,138,8,146,Yoga Mat V3,Sports,Yoga,4472.53,22,983.96,3488.57,309,4.3,4.42,69
PROD000550,4.0,2110941.5500000003,224040.30000000002,2334981.85,102,13,115,142,15,157,Dumbbells V10,Sports,Dumbbells,27369.16,45,12316.12,15053.04,830,3.83,4.38,55
PROD000551,5.0,146860.01,10656.7,157516.71000000002,86,8,94,110,8,118,Fiction Novel V4,Books,Fiction,1707.53,21,358.58,1348.95,291,3.94,4.46,41
PROD000552,5.0,87488.16,9035.07,96523.23000000001,73,8,81,96,10,106,NCERT Book V6,Books,NCERT,1479.61,37,547.46,932.15,976,3.67,4.52,44
PROD000553,4.0,44859.439999999995,9837.92,54697.35999999999,58,13,71,76,17,93,Comics V3,Books,Comics,867.64,31,268.97,598.67,744,1.92,4.38,24
PROD000554,4.0,28992.79,4129.39,33122.18,62,9,71,75,11,86,Notebook V8,Books,Notebook,599.39,43,257.74,341.65,738,4.94,4.4,35
PROD000555,4.0,22783.26,2216.54,24999.8,60,7,67,74,7,81,Stationery Set V7,Books,Stationery,463.9,41,190.2,273.7,554,4.88,4.48,31
PROD000556,4.0,187696.96,15171.95,202868.91,105,8,113,136,11,147,Aashirvaad Atta V2,Grocery,Aashirvaad,2422.09,42,1017.28,1404.81,491,4.28,4.31,59
PROD000557,4.0,179263.25,23147.51,202410.76,109,13,122,149,19,168,Fortune Oil V1,Grocery,Fortune,1522.86,20,304.57,1218.29,352,3.2,4.46,52
PROD000558,4.0,10613.75,1001.87,11615.62,87,10,97,106,11,117,Lays Chips V10,Grocery,Lays,58.36,18,10.5,47.86,885,4.87,4.33,40
PROD000559,4.0,165792.08000000002,22599.11,188391.19,102,15,117,132,18,150,Nescafe Coffee V6,Grocery,Nescafe,1790.0,29,519.1,1270.9,460,3.63,4.29,59
PROD000560,3.0,127438.08,19965.02,147403.1,107,16,123,129,20,149,Haldiram Snacks V8,Grocery,Haldiram,1197.36,16,191.58,1005.78,868,1.67,4.38,60
PROD000561,5.0,23227521.599999998,2117116.96,25344638.56,215,22,237,265,24,289,Samsung Mobile V1,Electronics,Samsung,128395.3,31,39802.54,88592.76,319,4.3,4.34,113
PROD000562,4.0,11802282.38,1517987.5,13320269.88,208,26,234,266,34,300,HP Laptop V3,Electronics,HP,76130.15,41,31213.36,44916.79,615,2.9,4.37,100
PROD000563,5.0,8083008.31,899948.75,8982957.059999999,189,23,212,244,27,271,boAt Headphones V6,Electronics,boAt,59751.65,44,26290.73,33460.92,94,0.38,4.28,95
PROD000564,4.0,16048106.22,1653696.4000000001,17701802.62,207,18,225,256,26,282,Noise Watch V7,Electronics,Noise,99392.82,36,35781.42,63611.4,829,4.6,4.3,108
PROD000565,4.0,12922371.37,1603649.5,14526020.87,219,26,245,262,33,295,Apple iPhone V10,Electronics,Apple,57910.21,14,8107.43,49802.78,626,3.99,4.4,136
PROD000566,4.0,662815.87,81946.98,744762.85,161,19,180,202,25,227,Levis Jeans V3,Fashion,Levis,4488.84,26,1167.1,3321.74,137,1.01,4.45,95
PROD000567,4.0,408296.75,33610.56,441907.31,135,13,148,170,14,184,Peter England Shirt V10,Fashion,Peter,3450.76,29,1000.72,2450.04,62,1.37,4.44,79
PROD000568,5.0,1471353.04,174205.71000000002,1645558.75,145,17,162,179,21,200,Nike Shoes V9,Fashion,Nike,13167.48,37,4871.97,8295.51,38,2.48,4.44,84
PROD000569,5.0,834760.3200000001,108501.12,943261.4400000001,156,22,178,199,26,225,Titan Watch V7,Fashion,Titan,6504.1,35,2276.43,4227.67,352,2.56,4.4,93
PROD000570,4.0,730776.47,64654.78999999999,795431.26,176,17,193,217,19,236,Puma T-shirt V8,Fashion,Puma,5505.5,38,2092.09,3413.41,697,0.63,4.28,89
PROD000571,4.0,2827408.45,444114.55,3271523.0,100,17,117,134,21,155,IKEA Chair V8,Home,IKEA,29928.87,29,8679.37,21249.5,312,0.67,4.45,55
PROD000572,4.0,220552.2,17243.14,237795.34000000003,111,10,121,141,11,152,Prestige Cooker V7,Home,Prestige,2782.0,43,1196.26,1585.74,676,4.82,4.21,61
PROD000573,5.0,3820347.14,364673.0,4185020.14,101,11,112,127,12,139,Philips Mixer V7,Home,Philips,36187.8,16,5790.05,30397.75,988,2.57,4.28,47
PROD000574,5.0,2329964.79,140615.05,2470579.84,106,7,113,130,8,138,Godrej Almirah V7,Home,Godrej,32192.09,44,14164.52,18027.57,358,4.01,4.46,54
PROD000575,5.0,2169882.2600000002,204457.85,2374340.1100000003,91,11,102,116,11,127,Urban Ladder Sofa V5,Home,Urban,36450.82,48,17496.39,18954.43,253,2.93,4.26,43
PROD000576,4.0,114229.85,12000.34,126230.19,52,4,56,57,6,63,Lakme Lipstick V4,Beauty,Lakme,3987.03,49,1953.64,2033.39,738,2.64,4.38,26
PROD000577,4.0,44130.92,6034.88,50165.799999999996,43,6,49,59,8,67,Mamaearth Facewash V6,Beauty,Mamaearth,1278.57,41,524.21,754.36,932,3.98,4.35,20
PROD000578,4.0,148798.34,12647.72,161446.06,61,5,66,71,6,77,Nivea Cream V3,Beauty,Nivea,3171.07,33,1046.45,2124.62,687,3.64,4.47,34
PROD000579,4.0,152978.81,24007.22,176986.03,58,9,67,71,11,82,Dove Soap V8,Beauty,Dove,4288.28,49,2101.26,2187.02,495,1.08,4.37,35
PROD000580,3.0,10829.93,1539.7,12369.630000000001,54,8,62,72,10,82,Plum Serum V4,Beauty,Plum,169.98,40,67.99,101.99,479,0.73,4.24,29
PROD000581,4.0,407898.36,51174.43,459072.79,83,10,93,111,14,125,Nike T-shirt V9,Sports,Nike,6917.33,46,3181.97,3735.36,496,1.22,4.24,50
PROD000582,4.0,3094945.31,464032.13,3558977.44,100,14,114,128,19,147,Puma Shoes V3,Sports,Puma,33017.93,26,8584.66,24433.27,50,1.95,4.35,52
PROD000583,4.0,645553.64,49370.72,694924.36,94,8,102,130,10,140,Decathlon Cycle V1,Sports,Decathlon,6149.92,18,1106.99,5042.93,954,2.54,4.33,55
PROD000584,4.0,2226466.3000000003,128506.55,2354972.85,93,6,99,120,7,127,Yoga Mat V8,Sports,Yoga,21423.71,13,2785.08,18638.63,22,0.53,4.29,56
PROD000585,4.0,1066130.52,123556.68000000002,1189687.2,91,11,102,122,14,136,Dumbbells V9,Sports,Dumbbells,12800.9,31,3968.28,8832.62,91,2.26,4.17,46
PROD000586,5.0,51107.009999999995,10756.699999999999,61863.70999999999,73,12,85,98,20,118,Fiction Novel V3,Books,Fiction,617.1,12,74.05,543.05,735,3.74,4.41,49
PROD000587,4.0,18433.31,1992.1,20425.41,70,8,78,90,9,99,NCERT Book V8,Books,NCERT,302.55,44,133.12,169.43,166,3.28,4.43,35
PROD000588,5.0,31963.06,5056.71,37019.770000000004,54,9,63,64,10,74,Comics V2,Books,Comics,897.21,49,439.63,457.58,544,2.7,4.35,31
PROD000589,4.0,98629.84999999999,13068.21,111698.06,74,6,80,84,11,95,Notebook V8,Books,Notebook,1596.15,25,399.04,1197.11,149,4.17,4.5,44
PROD000590,5.0,67600.56,8792.279999999999,76392.84,54,6,60,70,9,79,Stationery Set V3,Books,Stationery,1302.56,25,325.64,976.92,439,1.11,4.42,26
PROD000591,4.0,106349.53,6270.26,112619.79,107,7,114,152,9,161,Aashirvaad Atta V5,Grocery,Aashirvaad,809.69,12,97.16,712.53,937,2.44,4.45,62
PROD000592,4.0,193765.81000000003,23822.24,217588.05000000002,110,13,123,132,16,148,Fortune Oil V10,Grocery,Fortune,2166.87,31,671.73,1495.14,354,1.6,4.32,56
PROD000593,4.0,234426.36,16968.0,251394.36,111,7,118,140,10,150,Lays Chips V5,Grocery,Lays,2798.03,39,1091.23,1706.8,723,3.38,4.46,61
PROD000594,5.0,20827.06,1040.89,21867.95,113,6,119,148,7,155,Nescafe Coffee V1,Grocery,Nescafe,187.63,50,93.81,93.82,24,1.86,4.42,59
PROD000595,4.0,103420.55,19991.3,123411.85,98,18,116,113,22,135,Haldiram Snacks V9,Grocery,Haldiram,1254.73,26,326.23,928.5,735,2.37,4.29,49
PROD000596,4.0,13689767.09,1723362.1,15413129.19,202,25,227,239,30,269,Samsung Mobile V3,Electronics,Samsung,67256.99,14,9415.98,57841.01,944,4.54,4.44,114
PROD000597,4.0,15884279.209999999,926563.44,16810842.65,217,15,232,277,16,293,HP Laptop V5,Electronics,HP,98158.2,41,40244.86,57913.34,665,2.8,4.4,112
PROD000598,5.0,23388413.94,2997948.2600000002,26386362.200000003,204,25,229,257,33,290,boAt Headphones V8,Electronics,boAt,132881.19,31,41193.17,91688.02,704,0.74,4.34,115
PROD000599,5.0,18203382.34,2455139.56,20658521.9,190,24,214,246,33,279,Noise Watch V1,Electronics,Noise,103962.97,28,29109.63,74853.34,453,0.95,4.33,112
PROD000600,4.0,4723077.970000001,346337.89,5069415.86,211,17,228,261,19,280,Apple iPhone V8,Electronics,Apple,21961.82,17,3733.51,18228.31,711,2.45,4.35,108
PROD000601,3.0,667583.48,68899.02,736482.5,152,15,167,195,20,215,Levis Jeans V1,Fashion,Levis,4956.86,30,1487.06,3469.8,534,1.92,4.48,82
PROD000602,4.0,362900.94,49733.14,412634.08,162,22,184,214,29,243,Peter England Shirt V10,Fashion,Peter,2330.18,26,605.85,1724.33,841,0.67,4.33,88
PROD000603,5.0,579974.2000000001,83762.52,663736.7200000001,174,24,198,232,34,266,Nike Shoes V10,Fashion,Nike,3005.24,16,480.84,2524.4,194,0.75,4.57,82
PROD000604,4.0,152122.75,13366.05,165488.8,155,14,169,207,18,225,Titan Watch V2,Fashion,Titan,881.77,15,132.27,749.5,901,2.93,4.33,85
PROD000605,4.0,283456.22000000003,34478.55,317934.77,163,18,181,190,23,213,Puma T-shirt V4,Fashion,Puma,1916.97,21,402.56,1514.41,768,0.31,4.3,73
PROD000606,5.0,778322.84,57773.82,836096.6599999999,98,7,105,121,9,130,IKEA Chair V9,Home,IKEA,7821.01,17,1329.57,6491.44,665,2.15,4.44,55
PROD000607,5.0,2782240.81,295535.96,3077776.77,99,13,112,132,14,146,Prestige Cooker V2,Home,Prestige,34292.87,38,13031.29,21261.58,435,1.69,4.5,60
PROD000608,4.0,517265.2,49391.2,566656.4,89,9,98,113,11,124,Philips Mixer V1,Home,Philips,8709.44,47,4093.44,4616.0,888,2.19,4.37,54
PROD000609,5.0,1670199.75,338876.57,2009076.32,91,15,106,107,22,129,Godrej Almirah V1,Home,Godrej,20643.06,24,4954.33,15688.73,623,2.29,4.55,44
PROD000610,4.0,266950.64,28598.47,295549.11,89,10,99,110,12,122,Urban Ladder Sofa V8,Home,Urban,3360.63,27,907.37,2453.26,495,0.62,4.5,44
PROD000611,4.0,69252.71,9124.5,78377.21,62,8,70,76,10,86,Lakme Lipstick V4,Beauty,Lakme,1336.89,31,414.44,922.45,768,0.6,4.3,30
PROD000612,4.0,49244.74,6553.76,55798.5,47,6,53,61,8,69,Mamaearth Facewash V3,Beauty,Mamaearth,1300.35,37,481.13,819.22,768,1.5,4.29,24
PROD000613,4.0,132126.77,9835.68,141962.44999999998,59,3,62,65,5,70,Nivea Cream V9,Beauty,Nivea,2382.67,14,333.57,2049.1,92,3.34,4.19,32
PROD000614,5.0,181160.45,19198.9,200359.35,52,5,57,57,6,63,Dove Soap V1,Beauty,Dove,4394.72,27,1186.57,3208.15,236,2.25,4.31,26
PROD000615,5.0,129278.67,13487.72,142766.38999999998,45,5,50,56,6,62,Plum Serum V3,Beauty,Plum,3275.31,29,949.84,2325.47,968,3.39,4.3,27
PROD000616,5.0,1954589.26,196009.88,2150599.14,103,11,114,130,13,143,Nike T-shirt V5,Sports,Nike,29800.86,49,14602.42,15198.44,706,3.45,4.59,54
PROD000617,3.0,1387646.9100000001,142320.2,1529967.11,96,7,103,118,12,130,Puma Shoes V3,Sports,Puma,16954.78,30,5086.43,11868.35,225,2.93,4.49,63
PROD000618,4.0,928451.62,70472.16,998923.78,81,6,87,106,8,114,Decathlon Cycle V4,Sports,Decathlon,16313.0,46,7503.98,8809.02,888,3.81,4.36,44
PROD000619,5.0,1251077.24,133167.34,1384244.58,88,7,95,112,12,124,Yoga Mat V10,Sports,Yoga,15267.68,26,3969.6,11298.08,953,1.85,4.4,47
PROD000620,4.0,2102095.08,265281.15,2367376.23,90,11,101,108,14,122,Dumbbells V1,Sports,Dumbbells,27297.44,28,7643.28,19654.16,985,3.31,4.35,46
PROD000621,4.0,23771.87,859.03,24630.899999999998,48,2,50,60,2,62,Fiction Novel V8,Books,Fiction,537.05,32,171.86,365.19,590,3.48,4.33,27
PROD000622,4.0,68271.1,22172.12,90443.22,57,17,74,75,24,99,NCERT Book V3,Books,NCERT,1531.11,39,597.13,933.98,986,3.67,4.59,37
PROD000623,4.0,28634.600000000002,3246.98,31881.58,79,8,87,97,11,108,Comics V3,Books,Comics,432.04,40,172.82,259.22,702,1.38,4.27,45
PROD000624,5.0,13103.36,1274.37,14377.73,66,6,72,88,8,96,Notebook V9,Books,Notebook,178.26,42,74.87,103.39,508,1.84,4.47,32
PROD000625,5.0,130852.32,19754.24,150606.56,69,11,80,85,13,98,Stationery Set V3,Books,Stationery,1848.47,15,277.27,1571.2,812,4.5,4.69,35
PROD000626,4.0,295817.52,12738.93,308556.45,93,5,98,114,5,119,Aashirvaad Atta V5,Grocery,Aashirvaad,2911.32,10,291.13,2620.19,127,3.19,4.33,51
PROD000627,4.0,232695.29,15465.060000000001,248160.35,127,9,136,167,11,178,Fortune Oil V6,Grocery,Fortune,1567.18,10,156.72,1410.46,540,0.74,4.46,65
PROD000628,5.0,208550.02,29991.399999999998,238541.41999999998,112,14,126,146,21,167,Lays Chips V5,Grocery,Lays,2099.79,31,650.93,1448.86,91,4.41,4.47,59
PROD000629,4.0,272383.12,23513.2,295896.32,113,8,121,141,12,153,Nescafe Coffee V7,Grocery,Nescafe,2583.69,24,620.09,1963.6,308,3.04,4.39,57
PROD000630,5.0,270446.57,21923.11,292369.68,114,8,122,137,11,148,Haldiram Snacks V3,Grocery,Haldiram,2190.12,9,197.11,1993.01,560,3.62,4.52,62
PROD000631,4.0,8542072.26,1167855.2,9709927.459999999,197,21,218,237,32,269,Samsung Mobile V3,Electronics,Samsung,49998.08,27,13499.48,36498.6,837,3.09,4.33,104
PROD000632,5.0,17857897.900000002,2335841.17,20193739.07,223,29,252,268,35,303,HP Laptop V6,Electronics,HP,85214.72,21,17895.09,67319.63,886,2.94,4.46,124
PROD000633,3.0,23052442.16,3052332.73,26104774.89,225,26,251,281,37,318,boAt Headphones V6,Electronics,boAt,88254.01,6,5295.24,82958.77,170,2.95,4.48,111
PROD000634,3.0,530970.85,48815.88,579786.73,217,23,240,276,26,302,Noise Watch V3,Electronics,Noise,3300.1,41,1353.04,1947.06,612,1.69,4.43,115
PROD000635,4.0,21289294.34,3065660.3800000004,24354954.72,219,30,249,266,38,304,Apple iPhone V6,Electronics,Apple,122892.03,34,41783.29,81108.74,630,3.0,4.42,116
PROD000636,4.0,782443.1,35092.36,817535.46,167,8,175,200,9,209,Levis Jeans V10,Fashion,Levis,6368.68,38,2420.1,3948.58,148,0.9,4.42,78
PROD000637,5.0,456452.74,40448.86,496901.6,156,16,172,199,18,217,Peter England Shirt V6,Fashion,Peter,2892.78,20,578.56,2314.22,477,4.07,4.54,84
PROD000638,4.0,1383973.89,184012.53999999998,1567986.43,151,17,168,189,25,214,Nike Shoes V7,Fashion,Nike,11372.41,35,3980.34,7392.07,797,1.26,4.33,73
PROD000639,3.0,393453.68,33832.42,427286.1,157,12,169,185,16,201,Titan Watch V8,Fashion,Titan,4064.06,47,1910.11,2153.95,336,0.98,4.42,77
PROD000640,4.0,197925.7,16843.54,214769.24000000002,172,15,187,212,18,230,Puma T-shirt V8,Fashion,Puma,1031.91,8,82.55,949.36,166,0.63,4.28,83
PROD000641,4.0,251395.52000000002,28506.280000000002,279901.80000000005,97,11,108,122,14,136,IKEA Chair V2,Home,IKEA,3532.88,41,1448.48,2084.4,74,4.01,4.41,51
PROD000642,5.0,2693507.76,561771.56,3255279.32,94,19,113,115,24,139,Prestige Cooker V8,Home,Prestige,40020.76,41,16408.51,23612.25,932,0.47,4.52,46
PROD000643,4.0,5033244.11,544175.04,5577419.15,107,12,119,149,16,165,Philips Mixer V6,Home,Philips,35807.57,5,1790.38,34017.19,476,4.01,4.44,48
PROD000644,4.0,3726838.64,628822.89,4355661.53,104,16,120,131,22,153,Godrej Almirah V5,Home,Godrej,44181.45,35,15463.51,28717.94,68,2.27,4.42,43
PROD000645,4.0,776834.9,107761.38,884596.28,107,15,122,130,18,148,Urban Ladder Sofa V8,Home,Urban,6372.64,5,318.63,6054.01,135,0.66,4.46,57
PROD000646,4.0,81049.78,8129.98,89179.76,46,3,49,59,6,65,Lakme Lipstick V4,Beauty,Lakme,1611.17,13,209.45,1401.72,390,3.47,4.42,24
PROD000647,5.0,91668.66,2781.86,94450.52,55,2,57,67,2,69,Mamaearth Facewash V4,Beauty,Mamaearth,2243.43,38,852.5,1390.93,957,3.9,4.32,28
PROD000648,5.0,138425.1,14038.839999999998,152463.94,48,4,52,60,6,66,Nivea Cream V1,Beauty,Nivea,2552.33,8,204.19,2348.14,364,3.08,4.5,24
PROD000649,4.0,32034.82,5105.34,37140.16,46,8,54,56,9,65,Dove Soap V2,Beauty,Dove,713.25,18,128.38,584.87,107,3.51,4.48,23
PROD000650,4.0,117713.6,27738.88,145452.48,53,13,66,69,16,85,Plum Serum V5,Beauty,Plum,1884.44,8,150.76,1733.68,904,4.64,4.38,29
PROD000651,4.0,1794374.2300000002,166800.74000000002,1961174.9700000002,109,12,121,141,13,154,Nike T-shirt V8,Sports,Nike,17712.73,27,4782.44,12930.29,317,2.01,4.26,61
PROD000652,4.0,975519.08,100630.08,1076149.16,106,11,117,134,14,148,Puma Shoes V9,Sports,Puma,8359.33,12,1003.12,7356.21,715,1.21,4.39,57
PROD000653,3.0,83473.03,14244.35,97717.38,82,16,98,99,17,116,Decathlon Cycle V10,Sports,Decathlon,1016.46,16,162.63,853.83,525,2.68,4.44,52
PROD000654,4.0,1244470.3599999999,130587.76,1375058.1199999999,87,10,97,104,11,115,Yoga Mat V3,Sports,Yoga,19822.07,39,7730.61,12091.46,275,4.07,4.19,47
PROD000655,5.0,436438.69,55195.39,491634.08,91,12,103,119,15,134,Dumbbells V10,Sports,Dumbbells,5015.0,26,1303.9,3711.1,260,4.12,4.43,54
PROD000656,5.0,13371.82,1087.25,14459.07,58,6,64,79,6,85,Fiction Novel V2,Books,Fiction,159.99,21,33.6,126.39,599,2.2,4.51,35
PROD000657,4.0,73504.09,4855.08,78359.17,52,3,55,62,4,66,NCERT Book V2,Books,NCERT,1709.54,29,495.77,1213.77,434,0.3,4.27,26
PROD000658,5.0,84875.2,6918.36,91793.56,61,5,66,72,6,78,Comics V7,Books,Comics,1893.37,37,700.55,1192.82,466,1.86,4.61,33
PROD000659,5.0,55308.9,3620.7200000000003,58929.62,60,5,65,74,5,79,Notebook V2,Books,Notebook,914.85,17,155.52,759.33,477,0.53,4.65,26
PROD000660,4.0,38582.74,5217.7,43800.439999999995,62,6,68,76,10,86,Stationery Set V1,Books,Stationery,579.75,10,57.98,521.77,396,1.34,4.5,28
PROD000661,5.0,62235.4,2548.4,64783.8,115,4,119,139,6,145,Aashirvaad Atta V5,Grocery,Aashirvaad,615.62,34,209.31,406.31,153,1.91,4.51,63
PROD000662,4.0,126060.68,15641.039999999999,141701.72,124,15,139,152,19,171,Fortune Oil V10,Grocery,Fortune,1102.83,24,264.68,838.15,157,1.25,4.21,71
PROD000663,5.0,109642.5,26156.91,135799.41,92,22,114,109,26,135,Lays Chips V4,Grocery,Lays,1380.63,26,358.96,1021.67,371,2.67,4.61,41
PROD000664,5.0,107789.72,13919.619999999999,121709.34,104,12,116,132,17,149,Nescafe Coffee V5,Grocery,Nescafe,1262.9,34,429.39,833.51,796,4.61,4.36,59
PROD000665,4.0,206557.99,20473.26,227031.25,113,13,126,141,14,155,Haldiram Snacks V1,Grocery,Haldiram,1666.93,11,183.36,1483.57,691,2.87,4.41,58
PROD000666,4.0,23450438.02,2122160.9,25572598.919999998,203,18,221,245,22,267,Samsung Mobile V9,Electronics,Samsung,109626.08,12,13155.13,96470.95,367,2.26,4.33,115
PROD000667,4.0,19379299.580000002,3187267.5100000002,22566567.090000004,188,30,218,244,40,284,HP Laptop V2,Electronics,HP,140155.99,43,60267.08,79888.91,353,2.88,4.43,109
PROD000668,5.0,6147614.1899999995,607118.03,6754732.22,184,17,201,233,23,256,boAt Headphones V2,Electronics,boAt,32879.47,19,6247.1,26632.37,312,4.18,4.36,106
PROD000669,4.0,1364404.83,128484.15000000001,1492888.98,203,22,225,256,24,280,Noise Watch V4,Electronics,Noise,8029.99,33,2649.9,5380.09,958,0.99,4.42,105
PROD000670,4.0,10525715.05,1160739.03,11686454.08,207,21,228,255,28,283,Apple iPhone V10,Electronics,Apple,60307.99,31,18695.48,41612.51,205,4.91,4.35,109
PROD000671,5.0,1455314.77,167389.8,1622704.57,164,20,184,209,24,233,Levis Jeans V2,Fashion,Levis,11550.47,39,4504.68,7045.79,36,4.02,4.44,78
PROD000672,5.0,910532.01,126313.55,1036845.56,154,20,174,195,27,222,Peter England Shirt V2,Fashion,Peter,8024.73,41,3290.14,4734.59,462,1.36,4.48,94
PROD000673,4.0,3052485.04,244194.89,3296679.93,177,17,194,237,19,256,Nike Shoes V9,Fashion,Nike,13672.73,5,683.64,12989.09,918,3.97,4.52,86
PROD000674,5.0,1036153.96,136381.41,1172535.3699999999,154,18,172,197,26,223,Titan Watch V2,Fashion,Titan,7803.93,32,2497.26,5306.67,587,2.29,4.34,80
PROD000675,5.0,2629695.2600000002,251742.48,2881437.74,172,17,189,209,20,229,Puma T-shirt V10,Fashion,Puma,13459.39,5,672.97,12786.42,427,1.85,4.45,93
PROD000676,4.0,85000.92,10862.439999999999,95863.36,105,14,119,133,17,150,IKEA Chair V7,Home,IKEA,854.67,24,205.12,649.55,872,4.97,4.43,68
PROD000677,4.0,1379718.21,195296.76,1575014.97,101,15,116,136,19,155,Prestige Cooker V7,Home,Prestige,14087.73,27,3803.69,10284.04,64,2.68,4.38,55
PROD000678,4.0,2364634.73,493256.63999999996,2857891.37,97,18,115,125,26,151,Philips Mixer V9,Home,Philips,28121.1,32,8998.75,19122.35,506,2.96,4.34,38
PROD000679,4.0,4921022.859999999,652300.6,5573323.459999999,103,14,117,137,18,155,Godrej Almirah V7,Home,Godrej,47067.14,23,10825.44,36241.7,339,1.98,4.43,56
PROD000680,4.0,4797021.1,493461.31999999995,5290482.42,107,9,116,138,14,152,Urban Ladder Sofa V6,Home,Urban,42475.16,17,7220.78,35254.38,24,4.76,4.48,61
PROD000681,4.0,57734.84,5108.7,62843.53999999999,48,3,51,57,5,62,Lakme Lipstick V2,Beauty,Lakme,1246.03,18,224.29,1021.74,206,4.15,4.4,25
PROD000682,4.0,51535.21,5639.700000000001,57174.91,49,6,55,56,6,62,Mamaearth Facewash V10,Beauty,Mamaearth,1092.96,14,153.01,939.95,377,4.99,4.26,31
PROD000683,4.0,205082.53999999998,23910.399999999998,228992.93999999997,59,8,67,77,9,86,Nivea Cream V10,Beauty,Nivea,2864.02,6,171.84,2692.18,746,2.08,4.47,36
PROD000684,3.0,163980.49000000002,22598.190000000002,186578.68000000002,53,7,60,58,8,66,Dove Soap V1,Beauty,Dove,4269.45,33,1408.92,2860.53,759,2.0,4.44,36
PROD000685,4.0,32521.22,1952.46,34473.68,53,3,56,68,4,72,Plum Serum V4,Beauty,Plum,598.87,25,149.72,449.15,462,4.35,4.38,26
PROD000686,4.0,2255107.1,333165.07999999996,2588272.18,105,17,122,135,20,155,Nike T-shirt V1,Sports,Nike,25510.03,34,8673.41,16836.62,603,1.59,4.36,55
PROD000687,5.0,3530010.91,222077.53,3752088.44,95,7,102,111,7,118,Puma Shoes V5,Sports,Puma,34983.86,8,2798.71,32185.15,861,2.28,4.28,58
PROD000688,4.0,1049720.98,147928.81,1197649.79,90,15,105,121,17,138,Decathlon Cycle V7,Sports,Decathlon,10071.33,13,1309.27,8762.06,857,4.8,4.42,45
PROD000689,5.0,350269.73000000004,24773.22,375042.95000000007,111,9,120,140,10,150,Yoga Mat V6,Sports,Yoga,4434.87,43,1906.99,2527.88,322,3.07,4.32,60
PROD000690,4.0,1262984.94,170473.8,1433458.74,86,10,96,103,14,117,Dumbbells V8,Sports,Dumbbells,20262.98,39,7902.56,12360.42,718,1.67,4.35,46
PROD000691,4.0,32354.4,6367.56,38721.96,60,12,72,76,15,91,Fiction Novel V3,Books,Fiction,586.45,33,193.53,392.92,997,3.64,4.3,30
PROD000692,5.0,57716.759999999995,10537.0,68253.76,68,10,78,83,15,98,NCERT Book V1,Books,NCERT,750.85,6,45.05,705.8,152,2.25,4.41,39
PROD000693,4.0,36190.89,5740.22,41931.11,57,8,65,69,11,80,Comics V8,Books,Comics,715.29,25,178.82,536.47,526,0.96,4.64,25
PROD000694,4.0,63535.07,14398.0,77933.07,61,13,74,70,16,86,Notebook V10,Books,Notebook,1316.79,30,395.04,921.75,860,1.94,4.41,29
PROD000695,4.0,120165.81000000001,15394.75,135560.56,60,9,69,86,11,97,Stationery Set V4,Books,Stationery,1592.08,11,175.13,1416.95,280,4.14,4.39,31
PROD000696,5.0,46139.27,5678.64,51817.909999999996,122,15,137,150,19,169,Aashirvaad Atta V8,Grocery,Aashirvaad,527.86,49,258.65,269.21,486,1.29,4.54,61
PROD000697,3.0,244858.22999999998,37307.24,282165.47,110,14,124,139,21,160,Fortune Oil V7,Grocery,Fortune,2556.88,30,767.06,1789.82,818,3.78,4.45,64
PROD000698,5.0,329517.45,32089.24,361606.69,99,9,108,122,12,134,Lays Chips V1,Grocery,Lays,2949.11,7,206.44,2742.67,819,3.01,4.38,53
PROD000699,4.0,22633.4,3647.63,26281.030000000002,111,17,128,137,22,159,Nescafe Coffee V10,Grocery,Nescafe,183.18,36,65.94,117.24,689,0.45,4.5,62
PROD000700,4.0,261801.71000000002,32372.49,294174.2,101,11,112,118,15,133,Haldiram Snacks V5,Grocery,Haldiram,2997.45,25,749.36,2248.09,88,1.28,4.4,58
PROD000701,4.0,3857590.27,424487.95,4282078.22,201,24,225,243,27,270,Samsung Mobile V3,Electronics,Samsung,23910.89,33,7890.59,16020.3,830,2.73,4.37,110
PROD000702,4.0,14715513.83,1643421.04,16358934.870000001,211,21,232,261,29,290,HP Laptop V9,Electronics,HP,77898.33,27,21032.55,56865.78,601,3.99,4.37,118
PROD000703,4.0,19422371.6,2499996.6,21922368.200000003,178,24,202,217,28,245,boAt Headphones V3,Electronics,boAt,145577.42,38,55319.42,90258.0,572,3.98,4.38,104
PROD000704,5.0,12759649.01,1562854.19,14322503.2,177,24,201,221,27,248,Noise Watch V4,Electronics,Noise,99216.29,41,40678.68,58537.61,868,4.15,4.47,101
PROD000705,5.0,17623968.54,2289090.3,19913058.84,184,23,207,229,30,259,Apple iPhone V5,Electronics,Apple,135679.85,43,58342.34,77337.51,451,3.68,4.48,85
PROD000706,4.0,966030.34,97677.52,1063707.8599999999,142,16,158,176,18,194,Levis Jeans V7,Fashion,Levis,7306.19,24,1753.49,5552.7,479,0.98,4.38,74
PROD000707,5.0,860605.22,34612.86,895218.08,180,8,188,225,9,234,Peter England Shirt V2,Fashion,Peter,7725.08,50,3862.54,3862.54,615,2.91,4.44,99
PROD000708,4.0,803580.59,62704.2,866284.7899999999,150,14,164,191,15,206,Nike Shoes V10,Fashion,Nike,5752.76,26,1495.72,4257.04,623,3.6,4.43,86
PROD000709,4.0,177718.0,22287.04,200005.04,138,16,154,165,21,186,Titan Watch V6,Fashion,Titan,1920.15,43,825.66,1094.49,76,2.53,4.37,83
PROD000710,4.0,1263785.62,134333.58000000002,1398119.2000000002,166,19,185,218,23,241,Puma T-shirt V2,Fashion,Puma,11702.93,50,5851.47,5851.46,547,0.44,4.39,90
PROD000711,4.0,6194255.76,478683.0,6672938.76,124,11,135,158,12,170,IKEA Chair V2,Home,IKEA,47488.39,16,7598.14,39890.25,602,3.7,4.43,72
PROD000712,5.0,3830879.79,501956.22000000003,4332836.01,119,16,135,153,20,173,Prestige Cooker V5,Home,Prestige,42981.18,41,17622.28,25358.9,852,4.64,4.46,69
PROD000713,5.0,1598607.7,170607.15,1769214.8499999999,110,13,123,142,15,157,Philips Mixer V5,Home,Philips,22301.58,49,10927.77,11373.81,244,0.35,4.55,51
PROD000714,4.0,3655274.58,453951.46,4109226.04,114,12,126,136,17,153,Godrej Almirah V10,Home,Godrej,30565.93,11,3362.25,27203.68,711,0.9,4.23,65
PROD000715,4.0,238587.79,28121.120000000003,266708.91000000003,119,13,132,145,17,162,Urban Ladder Sofa V7,Home,Urban,3086.9,46,1419.97,1666.93,149,4.17,4.45,66
PROD000716,4.0,202136.87,15132.91,217269.78,57,4,61,67,5,72,Lakme Lipstick V5,Beauty,Lakme,3393.79,9,305.44,3088.35,575,1.19,4.32,28
PROD000717,3.0,174738.72,2979.4,177718.12,48,1,49,59,1,60,Mamaearth Facewash V1,Beauty,Mamaearth,4256.29,30,1276.89,2979.4,314,1.37,4.57,28
PROD000718,5.0,20363.899999999998,2867.2599999999998,23231.159999999996,51,8,59,69,9,78,Nivea Cream V6,Beauty,Nivea,305.85,13,39.76,266.09,946,3.0,4.31,32
PROD000719,4.0,120370.41,10286.3,130656.71,56,6,62,70,6,76,Dove Soap V7,Beauty,Dove,2027.26,14,283.82,1743.44,556,0.35,4.32,28
PROD000720,4.0,10615.86,1209.72,11825.58,57,7,64,68,7,75,Plum Serum V6,Beauty,Plum,201.86,48,96.89,104.97,629,3.17,4.26,35
PROD000721,4.0,3458821.82,452138.93,3910960.75,103,13,116,130,17,147,Nike T-shirt V2,Sports,Nike,29584.57,9,2662.61,26921.96,458,3.94,4.35,54
PROD000722,5.0,2421099.13,221843.18,2642942.31,105,11,116,129,12,141,Puma Shoes V2,Sports,Puma,20855.0,9,1876.95,18978.05,694,4.46,4.23,61
PROD000723,4.0,2558991.81,495447.55,3054439.36,93,16,109,118,23,141,Decathlon Cycle V9,Sports,Decathlon,29244.69,25,7311.17,21933.52,655,2.07,4.37,46
PROD000724,4.0,2484375.9899999998,231695.43,2716071.42,96,9,105,117,11,128,Yoga Mat V5,Sports,Yoga,22827.56,6,1369.65,21457.91,255,3.31,4.46,48
PROD000725,3.0,268398.79,50573.01,318971.8,85,14,99,104,20,124,Dumbbells V3,Sports,Dumbbells,3198.1,19,607.64,2590.46,35,1.59,4.31,45
PROD000726,4.0,11830.95,1418.34,13249.29,77,8,85,94,12,106,Fiction Novel V8,Books,Fiction,129.73,45,58.38,71.35,803,4.71,4.51,39
PROD000727,4.0,83707.0,7474.67,91181.67,63,6,69,80,7,87,NCERT Book V6,Books,NCERT,1525.44,30,457.63,1067.81,379,3.9,4.58,38
PROD000728,4.0,27607.84,4416.89,32024.73,64,9,73,74,13,87,Comics V4,Books,Comics,354.82,8,28.39,326.43,889,0.33,4.44,39
PROD000729,5.0,87446.04999999999,12541.81,99987.85999999999,61,8,69,70,10,80,Notebook V10,Books,Notebook,1583.56,20,316.71,1266.85,924,3.86,4.57,35
PROD000730,4.0,63082.9,6177.09,69259.99,69,7,76,90,9,99,Stationery Set V6,Books,Stationery,845.25,16,135.24,710.01,124,2.41,4.17,35
PROD000731,4.0,87744.3,4774.139999999999,92518.44,119,8,127,147,8,155,Aashirvaad Atta V4,Grocery,Aashirvaad,1110.27,45,499.62,610.65,375,4.28,4.42,53
PROD000732,5.0,93252.5,12888.5,106141.0,91,13,104,110,15,125,Fortune Oil V10,Grocery,Fortune,1235.71,30,370.71,865.0,898,1.56,4.31,52
PROD000733,5.0,45923.16,5653.71,51576.87,87,9,96,109,14,123,Lays Chips V3,Grocery,Lays,759.78,49,372.29,387.49,191,4.99,4.38,42
PROD000734,3.0,173583.8,17888.0,191471.8,93,11,104,117,12,129,Nescafe Coffee V4,Grocery,Nescafe,2775.92,46,1276.92,1499.0,568,0.79,4.25,51
PROD000735,4.0,330487.27999999997,31773.92,362261.19999999995,113,13,126,145,14,159,Haldiram Snacks V5,Grocery,Haldiram,2725.82,15,408.87,2316.95,537,2.08,4.38,64
PROD000736,4.0,3392236.48,322505.82,3714742.3,207,19,226,252,24,276,Samsung Mobile V2,Electronics,Samsung,14480.92,6,868.86,13612.06,14,3.16,4.31,106
PROD000737,4.0,13924391.870000001,1259081.45,15183473.32,191,17,208,245,22,267,HP Laptop V6,Electronics,HP,61824.59,7,4327.72,57496.87,731,3.22,4.41,101
PROD000738,4.0,2592063.25,392853.99,2984917.24,200,32,232,248,38,286,boAt Headphones V3,Electronics,boAt,21075.29,50,10537.65,10537.64,278,1.32,4.39,109
PROD000739,4.0,14309489.56,2120453.54,16429943.100000001,224,36,260,263,39,302,Noise Watch V9,Electronics,Noise,60369.91,9,5433.29,54936.62,963,1.02,4.4,121
PROD000740,5.0,15570239.2,1019950.02,16590189.219999999,181,12,193,227,15,242,Apple iPhone V7,Electronics,Apple,111926.71,38,42532.15,69394.56,596,3.37,4.47,104
PROD000741,4.0,498849.93,65976.54000000001,564826.47,155,21,176,198,26,224,Levis Jeans V3,Fashion,Levis,3455.72,26,898.49,2557.23,127,1.65,4.35,104
PROD000742,4.0,540891.03,65667.61,606558.64,149,17,166,188,23,211,Peter England Shirt V3,Fashion,Peter,5478.98,47,2575.12,2903.86,173,1.44,4.44,84
PROD000743,5.0,478368.17,44177.72,522545.89,147,15,162,183,17,200,Nike Shoes V8,Fashion,Nike,3011.89,12,361.43,2650.46,133,4.22,4.38,69
PROD000744,4.0,927174.28,68190.59,995364.87,157,13,170,205,15,220,Titan Watch V3,Fashion,Titan,5321.57,14,745.02,4576.55,962,2.98,4.46,74
PROD000745,4.0,1285892.78,112538.55,1398431.33,158,14,172,182,16,198,Puma T-shirt V7,Fashion,Puma,7714.44,7,540.01,7174.43,851,4.66,4.39,93
PROD000746,4.0,2688299.5999999996,202898.38,2891197.9799999995,120,10,130,145,11,156,IKEA Chair V8,Home,IKEA,29546.88,37,10932.35,18614.53,666,2.53,4.44,64
PROD000747,5.0,3775308.2600000002,432020.4,4207328.66,110,12,122,133,15,148,Prestige Cooker V7,Home,Prestige,49657.52,42,20856.16,28801.36,371,0.34,4.53,51
PROD000748,4.0,3621937.05,593993.94,4215930.99,102,16,118,122,20,142,Philips Mixer V1,Home,Philips,49200.52,39,19188.2,30012.32,484,0.62,4.45,49
PROD000749,5.0,1197054.42,148089.94,1345144.3599999999,87,11,98,106,13,119,Godrej Almirah V10,Home,Godrej,13565.93,16,2170.55,11395.38,575,1.9,4.55,42
PROD000750,4.0,1700771.68,274280.33999999997,1975052.02,98,12,110,118,19,137,Urban Ladder Sofa V3,Home,Urban,22105.12,34,7515.74,14589.38,818,0.31,4.29,45
PROD000751,3.0,189250.61000000002,34449.98,223700.59000000003,65,10,75,77,14,91,Lakme Lipstick V5,Beauty,Lakme,4873.75,49,2388.14,2485.61,89,1.69,4.41,41
PROD000752,5.0,27413.24,3690.75,31103.99,50,7,57,67,9,76,Mamaearth Facewash V8,Beauty,Mamaearth,639.02,40,255.61,383.41,262,1.78,4.59,27
PROD000753,4.0,153131.08000000002,33403.01,186534.09000000003,45,7,52,54,12,66,Nivea Cream V8,Beauty,Nivea,3944.61,27,1065.04,2879.57,820,4.03,4.41,22
PROD000754,5.0,143881.59,28029.32,171910.91,52,12,64,62,12,74,Dove Soap V3,Beauty,Dove,3084.35,24,740.24,2344.11,59,2.71,4.54,26
PROD000755,4.0,18770.23,1270.22,20040.45,58,4,62,80,5,85,Plum Serum V10,Beauty,Plum,221.92,12,26.63,195.29,963,1.37,4.5,28
PROD000756,4.0,715999.75,42444.149999999994,758443.9,98,5,103,119,7,126,Nike T-shirt V2,Sports,Nike,6737.17,10,673.72,6063.45,519,4.59,4.54,54
PROD000757,3.0,3086353.33,305781.81,3392135.14,105,10,115,132,13,145,Puma Shoes V4,Sports,Puma,31796.45,26,8267.08,23529.37,203,2.47,4.33,63
PROD000758,4.0,989681.66,167827.4,1157509.06,82,12,94,101,17,118,Decathlon Cycle V2,Sports,Decathlon,14103.14,30,4230.94,9872.2,246,2.79,4.34,41
PROD000759,4.0,483098.99,90079.16,573178.15,85,19,104,106,20,126,Yoga Mat V9,Sports,Yoga,8225.15,44,3619.07,4606.08,872,2.72,4.1,39
PROD000760,4.0,1936833.0,199712.26,2136545.26,100,11,111,125,13,138,Dumbbells V1,Sports,Dumbbells,17145.63,9,1543.11,15602.52,909,4.19,4.33,55
PROD000761,4.0,50794.56,6817.599999999999,57612.159999999996,70,9,79,88,12,100,Fiction Novel V5,Books,Fiction,886.06,34,301.26,584.8,419,3.96,4.17,35
PROD000762,4.0,41677.99,7305.17,48983.159999999996,59,9,68,69,12,81,NCERT Book V1,Books,NCERT,852.61,28,238.73,613.88,997,1.33,4.31,29
PROD000763,4.0,28863.75,6998.93,35862.68,58,12,70,67,17,84,Comics V8,Books,Comics,491.78,21,103.27,388.51,147,4.72,4.42,26
PROD000764,5.0,74195.52,3721.2,77916.72,64,4,68,79,4,83,Notebook V2,Books,Notebook,1873.14,49,917.84,955.3,117,0.38,4.43,35
PROD000765,5.0,88770.72,4109.0,92879.72,73,3,76,88,4,92,Stationery Set V4,Books,Stationery,1802.2,43,774.95,1027.25,624,1.59,4.43,44
PROD000766,4.0,222675.29,31826.63,254501.92,102,14,116,120,17,137,Aashirvaad Atta V10,Grocery,Aashirvaad,2552.91,26,663.76,1889.15,984,3.5,4.36,50
PROD000767,4.0,120174.43000000001,15423.76,135598.19,108,14,122,140,18,158,Fortune Oil V10,Grocery,Fortune,1200.48,27,324.13,876.35,1000,1.41,4.39,56
PROD000768,4.0,229551.69,21596.199999999997,251147.89,107,9,116,129,12,141,Lays Chips V7,Grocery,Lays,2540.63,29,736.78,1803.85,792,1.4,4.39,54
PROD000769,5.0,358540.62,33885.64,392426.26,110,10,120,139,13,152,Nescafe Coffee V10,Grocery,Nescafe,2841.61,8,227.33,2614.28,334,3.15,4.35,60
PROD000770,4.0,319223.59,20134.16,339357.75,121,10,131,156,10,166,Haldiram Snacks V1,Grocery,Haldiram,2487.6,17,422.89,2064.71,111,1.77,4.28,58
PROD000771,5.0,22312388.57,2706011.08,25018399.65,206,27,233,266,32,298,Samsung Mobile V7,Electronics,Samsung,97819.02,13,12716.47,85102.55,345,2.79,4.4,110
PROD000772,4.0,31120767.31,3417927.56,34538694.87,221,22,243,280,31,311,HP Laptop V2,Electronics,HP,128185.1,12,15382.21,112802.89,809,4.14,4.3,122
PROD000773,4.0,16775073.6,1996275.8,18771349.4,214,28,242,270,32,302,boAt Headphones V5,Electronics,boAt,98396.88,36,35422.88,62974.0,583,2.26,4.38,117
PROD000774,4.0,15820509.42,2038339.58,17858849.0,206,22,228,257,33,290,Noise Watch V4,Electronics,Noise,73341.95,15,11001.29,62340.66,757,0.34,4.39,113
PROD000775,4.0,4167553.53,392685.18,4560238.71,228,19,247,273,26,299,Apple iPhone V3,Electronics,Apple,24446.63,37,9045.25,15401.38,297,3.58,4.49,112
PROD000776,5.0,730329.48,46510.159999999996,776839.64,157,9,166,190,12,202,Levis Jeans V2,Fashion,Levis,6069.03,36,2184.85,3884.18,193,0.79,4.5,80
PROD000777,4.0,2464239.44,214782.29,2679021.73,178,16,194,231,20,251,Peter England Shirt V9,Fashion,Peter,14390.77,25,3597.69,10793.08,963,0.78,4.41,95
PROD000778,4.0,677471.45,112911.90000000001,790383.35,150,21,171,182,30,212,Nike Shoes V2,Fashion,Nike,6611.81,43,2843.08,3768.73,877,1.85,4.41,68
PROD000779,4.0,1555709.44,143185.63999999998,1698895.0799999998,139,14,153,174,16,190,Titan Watch V1,Fashion,Titan,11411.17,21,2396.35,9014.82,559,2.95,4.38,77
PROD000780,5.0,680447.3300000001,72402.33,752849.66,154,17,171,187,20,207,Puma T-shirt V1,Fashion,Puma,4233.17,13,550.31,3682.86,475,0.61,4.44,78
PROD000781,5.0,116009.99,22060.86,138070.85,94,18,112,115,22,137,IKEA Chair V10,Home,IKEA,1292.58,21,271.44,1021.14,227,3.34,4.45,51
PROD000782,4.0,3010547.35,445793.69,3456341.04,104,16,120,129,19,148,Prestige Cooker V8,Home,Prestige,34199.35,31,10601.8,23597.55,358,1.27,4.34,50
PROD000783,3.0,1084216.3800000001,168788.36000000002,1253004.7400000002,92,13,105,103,16,119,Philips Mixer V2,Home,Philips,14541.95,27,3926.33,10615.62,369,2.53,4.39,54
PROD000784,5.0,3098921.3200000003,303078.72000000003,3402000.0400000005,110,10,120,140,14,154,Godrej Almirah V9,Home,Godrej,33765.46,34,11480.26,22285.2,476,1.38,4.17,64
PROD000785,4.0,3447996.98,92787.16,3540784.14,106,3,109,142,4,146,Urban Ladder Sofa V9,Home,Urban,47929.4,49,23485.41,24443.99,385,2.31,4.36,55
PROD000786,4.0,227643.24000000002,24019.390000000003,251662.63000000003,67,7,74,85,9,94,Lakme Lipstick V10,Beauty,Lakme,2864.5,5,143.22,2721.28,754,2.38,4.5,38
PROD000787,4.0,121066.98999999999,14187.919999999998,135254.90999999997,49,7,56,60,7,67,Mamaearth Facewash V4,Beauty,Mamaearth,3954.27,48,1898.05,2056.22,701,4.7,4.5,30
PROD000788,3.0,139344.77000000002,27160.100000000002,166504.87000000002,54,9,63,73,14,87,Nivea Cream V2,Beauty,Nivea,2139.72,9,192.57,1947.15,388,0.65,4.47,32
PROD000789,4.0,122575.16,20979.079999999998,143554.24,58,10,68,65,11,76,Dove Soap V10,Beauty,Dove,2060.52,7,144.24,1916.28,271,2.86,4.45,38
PROD000790,4.0,50525.52,6891.38,57416.899999999994,54,7,61,72,10,82,Plum Serum V4,Beauty,Plum,764.79,7,53.54,711.25,116,2.8,4.45,29
PROD000791,4.0,377739.62,27219.11,404958.73,88,6,94,108,8,116,Nike T-shirt V5,Sports,Nike,6797.98,48,3263.03,3534.95,881,4.54,4.22,41
PROD000792,4.0,838603.83,61699.29,900303.12,98,7,105,122,9,131,Puma Shoes V1,Sports,Puma,11971.96,42,5028.22,6943.74,475,0.49,4.39,49
PROD000793,5.0,117650.31,8435.15,126085.45999999999,89,7,96,110,8,118,Decathlon Cycle V8,Sports,Decathlon,1175.47,8,94.04,1081.43,22,1.98,4.51,43
PROD000794,4.0,1195605.58,302579.72,1498185.3,70,14,84,84,21,105,Yoga Mat V3,Sports,Yoga,26206.04,45,11792.72,14413.32,521,0.64,4.39,38
PROD000795,5.0,1756670.47,434051.68,2190722.15,80,13,93,94,23,117,Dumbbells V10,Sports,Dumbbells,29962.16,37,11086.0,18876.16,542,4.05,4.57,35
PROD000796,4.0,157169.22,15959.25,173128.47,75,6,81,90,9,99,Fiction Novel V5,Books,Fiction,1866.58,5,93.33,1773.25,58,3.0,4.44,36
PROD000797,4.0,57517.02,2785.04,60302.06,67,3,70,80,4,84,NCERT Book V6,Books,NCERT,843.4,13,109.64,733.76,680,3.64,4.43,30
PROD000798,4.0,39949.01,2238.29,42187.3,64,4,68,76,4,80,Comics V2,Books,Comics,524.31,8,41.94,482.37,206,2.56,4.34,29
PROD000799,4.0,36168.03,7798.389999999999,43966.42,58,8,66,68,15,83,Notebook V10,Books,Notebook,646.54,23,148.7,497.84,574,4.22,4.43,21
PROD000800,4.0,129211.72,13764.61,142976.33000000002,65,8,73,80,9,89,Stationery Set V10,Books,Stationery,1965.22,17,334.09,1631.13,863,3.49,4.32,37
PROD000801,3.0,44870.08,6267.32,51137.4,96,12,108,112,16,128,Aashirvaad Atta V8,Grocery,Aashirvaad,691.06,48,331.71,359.35,407,4.78,4.4,57
PROD000802,4.0,195634.98,22043.65,217678.63,116,12,128,141,16,157,Fortune Oil V1,Grocery,Fortune,2400.44,41,984.18,1416.26,120,0.29,4.29,51
PROD000803,4.0,79405.51,13033.2,92438.70999999999,118,20,138,156,26,182,Lays Chips V5,Grocery,Lays,840.36,43,361.35,479.01,934,4.41,4.41,54
PROD000804,4.0,186767.61000000002,12250.79,199018.40000000002,101,6,107,120,8,128,Nescafe Coffee V4,Grocery,Nescafe,1891.23,17,321.51,1569.72,472,3.05,4.49,57
PROD000805,3.0,154094.56,16961.71,171056.27,111,9,120,136,15,151,Haldiram Snacks V4,Grocery,Haldiram,1277.16,10,127.72,1149.44,98,1.54,4.33,58
PROD000806,4.0,29942290.05,4051416.0700000003,33993706.120000005,216,27,243,256,35,291,Samsung Mobile V1,Electronics,Samsung,131246.07,10,13124.61,118121.46,735,2.88,4.35,110
PROD000807,4.0,18578942.64,1974371.47,20553314.11,207,24,231,253,27,280,HP Laptop V1,Electronics,HP,130234.89,43,56001.0,74233.89,180,0.32,4.36,116
PROD000808,4.0,1328502.47,103115.98000000001,1431618.45,204,16,220,259,20,279,boAt Headphones V6,Electronics,boAt,6480.27,20,1296.05,5184.22,63,4.33,4.41,114
PROD000809,4.0,27620237.349999998,3823259.61,31443496.959999997,217,30,247,260,36,296,Noise Watch V1,Electronics,Noise,112739.48,5,5636.97,107102.51,504,4.57,4.38,105
PROD000810,4.0,3016591.48,356109.54000000004,3372701.02,217,24,241,281,33,314,Apple iPhone V8,Electronics,Apple,16461.55,34,5596.93,10864.62,437,3.47,4.37,117
PROD000811,4.0,1306811.2,114370.86,1421182.06,150,14,164,196,17,213,Levis Jeans V8,Fashion,Levis,9902.33,32,3168.75,6733.58,527,1.2,4.31,90
PROD000812,5.0,1891371.69,357013.64,2248385.33,154,29,183,186,35,221,Peter England Shirt V2,Fashion,Peter,14663.94,30,4399.18,10264.76,119,2.88,4.37,71
PROD000813,4.0,1380924.44,66542.21,1447466.65,169,11,180,228,11,239,Nike Shoes V7,Fashion,Nike,8478.88,28,2374.09,6104.79,241,4.29,4.41,92
PROD000814,5.0,1028927.81,130221.31000000001,1159149.12,144,17,161,190,24,214,Titan Watch V10,Fashion,Titan,10570.53,48,5073.85,5496.68,486,2.63,4.56,75
PROD000815,4.0,995603.51,110444.12,1106047.63,160,19,179,209,23,232,Puma T-shirt V9,Fashion,Puma,7568.81,36,2724.77,4844.04,326,1.78,4.32,91
PROD000816,4.0,1167458.14,157833.6,1325291.74,102,12,114,124,17,141,IKEA Chair V8,Home,IKEA,10686.58,11,1175.52,9511.06,47,4.66,4.25,55
PROD000817,4.0,1225324.63,143297.75,1368622.38,97,9,106,112,13,125,Prestige Cooker V10,Home,Prestige,21621.08,49,10594.33,11026.75,486,1.21,4.45,51
PROD000818,5.0,3021011.19,243650.7,3264661.89,98,8,106,122,10,132,Philips Mixer V2,Home,Philips,45222.77,45,20350.25,24872.52,202,0.96,4.52,48
PROD000819,5.0,1918599.4500000002,175078.72,2093678.1700000002,129,14,143,153,14,167,Godrej Almirah V10,Home,Godrej,18667.81,32,5973.7,12694.11,72,0.78,4.42,71
PROD000820,5.0,5873222.76,456751.33999999997,6329974.1,131,11,142,152,12,164,Urban Ladder Sofa V1,Home,Urban,43882.77,11,4827.1,39055.67,735,3.55,4.29,76
PROD000821,4.0,229661.04,18376.38,248037.42,69,6,75,76,6,82,Lakme Lipstick V6,Beauty,Lakme,3223.93,5,161.2,3062.73,333,4.06,4.42,36
PROD000822,4.0,59768.81,4128.85,63897.659999999996,61,4,65,72,5,77,Mamaearth Facewash V5,Beauty,Mamaearth,1301.19,35,455.42,845.77,379,4.49,4.29,35
PROD000823,4.0,35299.13,1371.34,36670.469999999994,46,2,48,52,2,54,Nivea Cream V5,Beauty,Nivea,826.11,17,140.44,685.67,594,3.23,3.91,22
PROD000824,4.0,181998.99,18728.1,200727.09,45,5,50,59,6,65,Dove Soap V9,Beauty,Dove,3546.99,12,425.64,3121.35,214,1.24,4.36,22
PROD000825,4.0,125404.87,8126.12,133530.99,48,3,51,63,4,67,Plum Serum V8,Beauty,Plum,2232.45,9,200.92,2031.53,832,1.84,4.3,30
PROD000826,4.0,2207666.62,232740.94,2440407.56,94,10,104,114,12,126,Nike T-shirt V1,Sports,Nike,22685.65,13,2949.13,19736.52,396,2.75,4.42,45
PROD000827,4.0,345225.81,38516.84,383742.65,87,13,100,115,13,128,Puma Shoes V2,Sports,Puma,4092.79,26,1064.13,3028.66,328,2.61,4.37,43
PROD000828,4.0,261094.63999999998,33517.299999999996,294611.94,92,14,106,116,15,131,Decathlon Cycle V2,Sports,Decathlon,3216.19,29,932.7,2283.49,537,4.46,4.42,48
PROD000829,5.0,465426.95999999996,37676.88,503103.83999999997,115,7,122,135,11,146,Yoga Mat V1,Sports,Yoga,4590.26,24,1101.66,3488.6,253,3.65,4.5,64
PROD000830,4.0,1741993.07,223594.35,1965587.4200000002,83,12,95,109,14,123,Dumbbells V6,Sports,Dumbbells,29822.06,46,13718.15,16103.91,686,1.56,4.39,44
PROD000831,4.0,60858.57,5287.96,66146.53,62,5,67,70,6,76,Fiction Novel V6,Books,Fiction,967.02,8,77.36,889.66,36,3.79,4.5,34
PROD000832,5.0,40275.72,6712.62,46988.340000000004,59,12,71,78,13,91,NCERT Book V4,Books,NCERT,677.06,22,148.95,528.11,395,0.39,4.67,30
PROD000833,4.0,99587.21,9333.2,108920.41,54,5,59,74,7,81,Comics V7,Books,Comics,1486.01,8,118.88,1367.13,344,0.83,4.5,32
PROD000834,4.0,33583.67,4580.34,38164.009999999995,52,6,58,59,8,67,Notebook V3,Books,Notebook,1035.34,44,455.55,579.79,923,3.99,4.15,27
PROD000835,4.0,27977.91,1453.44,29431.35,72,4,76,96,5,101,Stationery Set V4,Books,Stationery,406.11,36,146.2,259.91,205,2.93,4.33,42
PROD000836,3.0,155466.21,19545.05,175011.25999999998,130,17,147,168,21,189,Aashirvaad Atta V7,Grocery,Aashirvaad,1570.11,40,628.04,942.07,679,2.96,4.36,76
PROD000837,4.0,52510.86,9178.6,61689.46,111,21,132,136,23,159,Fortune Oil V9,Grocery,Fortune,525.08,33,173.28,351.8,219,1.04,4.46,61
PROD000838,5.0,51777.46,4717.71,56495.17,85,8,93,103,9,112,Lays Chips V7,Grocery,Lays,711.67,34,241.97,469.7,217,2.29,4.34,44
PROD000839,5.0,39607.11,3175.1,42782.21,113,10,123,135,11,146,Nescafe Coffee V7,Grocery,Nescafe,455.36,47,214.02,241.34,508,1.82,4.42,67
PROD000840,4.0,113415.65,13748.14,127163.79,112,16,128,132,16,148,Haldiram Snacks V4,Grocery,Haldiram,1587.81,45,714.51,873.3,47,4.99,4.4,57
PROD000841,4.0,24150593.93,3746064.58,27896658.509999998,215,31,246,264,41,305,Samsung Mobile V4,Electronics,Samsung,114197.97,19,21697.61,92500.36,57,1.08,4.43,115
PROD000842,5.0,19618096.89,2625778.71,22243875.6,212,29,241,269,36,305,HP Laptop V7,Electronics,HP,120598.73,39,47033.5,73565.23,732,2.76,4.38,111
PROD000843,4.0,15119933.88,1605930.8,16725864.680000002,223,24,247,271,29,300,boAt Headphones V2,Electronics,boAt,59958.22,6,3597.49,56360.73,206,2.39,4.42,122
PROD000844,5.0,13337360.85,1609712.1,14947072.95,191,23,214,233,28,261,Noise Watch V3,Electronics,Noise,83941.3,31,26021.8,57919.5,226,0.76,4.48,101
PROD000845,4.0,23640025.07,2998812.04,26638837.11,219,25,244,266,34,300,Apple iPhone V4,Electronics,Apple,113314.26,21,23795.99,89518.27,860,4.06,4.39,125
PROD000846,4.0,197687.01,26276.56,223963.57,159,21,180,196,26,222,Levis Jeans V10,Fashion,Levis,1600.59,36,576.21,1024.38,485,3.5,4.38,81
PROD000847,3.0,1066394.84,202210.11000000002,1268604.9500000002,168,29,197,211,40,251,Peter England Shirt V4,Fashion,Peter,8647.91,41,3545.64,5102.27,158,4.52,4.26,93
PROD000848,4.0,1647740.4,229072.12999999998,1876812.5299999998,152,16,168,187,26,213,Nike Shoes V2,Fashion,Nike,13766.35,35,4818.22,8948.13,416,1.68,4.23,71
PROD000849,4.0,1368358.3699999999,235984.2,1604342.5699999998,163,23,186,213,37,250,Titan Watch V2,Fashion,Titan,7797.79,17,1325.62,6472.17,419,4.85,4.36,81
PROD000850,4.0,432781.2,40896.22,473677.42000000004,168,16,184,201,19,220,Puma T-shirt V7,Fashion,Puma,2692.16,19,511.51,2180.65,681,0.61,4.37,91
PROD000851,4.0,3470891.7199999997,307410.52,3778302.2399999998,112,9,121,137,12,149,IKEA Chair V7,Home,IKEA,30502.03,16,4880.32,25621.71,421,3.66,4.31,58
PROD000852,4.0,2241226.3,177459.9,2418686.1999999997,115,11,126,152,12,164,Prestige Cooker V4,Home,Prestige,22607.58,34,7686.58,14921.0,520,0.76,4.5,52
PROD000853,4.0,1537668.6,227063.82,1764732.4200000002,113,17,130,136,20,156,Philips Mixer V9,Home,Philips,17383.21,34,5910.29,11472.92,399,3.7,4.41,69
PROD000854,3.0,71624.26000000001,7133.830000000001,78758.09000000001,104,12,116,131,13,144,Godrej Almirah V7,Home,Godrej,1092.8,49,535.47,557.33,964,0.55,4.47,58
PROD000855,4.0,366555.1,47283.33,413838.43,107,14,121,132,17,149,Urban Ladder Sofa V8,Home,Urban,3215.9,13,418.07,2797.83,209,1.81,4.38,52
PROD000856,5.0,124489.19,16986.46,141475.65,61,7,68,80,11,91,Lakme Lipstick V9,Beauty,Lakme,2967.58,47,1394.76,1572.82,958,2.32,4.44,27
PROD000857,4.0,61914.52,8188.0,70102.51999999999,58,6,64,76,10,86,Mamaearth Facewash V9,Beauty,Mamaearth,1615.3,49,791.5,823.8,210,3.97,4.32,31
PROD000858,4.0,130167.37000000001,10100.7,140268.07,52,5,57,78,6,84,Nivea Cream V2,Beauty,Nivea,3117.5,46,1434.05,1683.45,201,3.86,4.45,29
PROD000859,4.0,30123.48,4955.42,35078.9,52,7,59,66,12,78,Dove Soap V6,Beauty,Dove,494.11,14,69.18,424.93,127,3.28,4.42,31
PROD000860,4.0,49600.21,8805.55,58405.759999999995,52,7,59,66,12,78,Plum Serum V10,Beauty,Plum,1255.25,39,489.55,765.7,723,4.56,4.5,26
PROD000861,4.0,1608181.72,413168.91000000003,2021350.63,82,21,103,102,26,128,Nike T-shirt V8,Sports,Nike,31924.24,50,15962.12,15962.12,362,3.73,4.4,43
PROD000862,4.0,807306.39,66109.62,873416.01,99,7,106,122,10,132,Puma Shoes V6,Sports,Puma,13491.76,50,6745.88,6745.88,413,3.68,4.49,49
PROD000863,3.0,3752337.74,342831.07,4095168.81,107,11,118,141,13,154,Decathlon Cycle V9,Sports,Decathlon,30102.8,11,3311.31,26791.49,996,4.53,4.39,64
PROD000864,5.0,2352388.44,179878.87,2532267.31,105,9,114,144,11,155,Yoga Mat V7,Sports,Yoga,28976.16,43,12459.75,16516.41,177,2.61,4.4,52
PROD000865,4.0,1617635.57,128679.62,1746315.19,87,8,95,108,9,117,Dumbbells V3,Sports,Dumbbells,19408.69,22,4269.91,15138.78,573,1.55,4.32,47
PROD000866,5.0,44059.020000000004,6051.910000000001,50110.93000000001,63,9,72,78,11,89,Fiction Novel V2,Books,Fiction,1006.27,43,432.7,573.57,448,0.86,4.5,28
PROD000867,5.0,118792.44,11250.35,130042.79000000001,70,7,77,95,9,104,NCERT Book V4,Books,NCERT,1821.88,30,546.56,1275.32,645,0.55,4.54,41
PROD000868,4.0,125716.4,10901.86,136618.26,54,7,61,80,7,87,Comics V2,Books,Comics,1698.9,7,118.92,1579.98,397,3.16,4.47,34
PROD000869,4.0,134301.2,12981.5,147282.7,72,8,80,92,9,101,Notebook V10,Books,Notebook,1756.49,16,281.04,1475.45,160,3.59,4.44,41
PROD000870,5.0,27957.63,1430.8,29388.43,62,3,65,77,4,81,Stationery Set V1,Books,Stationery,402.52,18,72.45,330.07,672,1.4,4.58,33
PROD000871,4.0,36708.84,2746.0699999999997,39454.909999999996,105,7,112,126,10,136,Aashirvaad Atta V9,Grocery,Aashirvaad,447.28,45,201.28,246.0,269,4.26,4.46,57
PROD000872,3.0,90172.74,7827.89,98000.63,126,10,136,149,13,162,Fortune Oil V2,Grocery,Fortune,742.62,17,126.25,616.37,983,4.61,4.25,69
PROD000873,5.0,40822.79,2787.5,43610.29,113,8,121,136,9,145,Lays Chips V1,Grocery,Lays,370.85,29,107.55,263.3,629,2.5,4.53,59
PROD000874,5.0,210724.37,25705.98,236430.35,103,13,116,131,16,147,Nescafe Coffee V10,Grocery,Nescafe,2969.62,45,1336.33,1633.29,463,4.93,4.65,60
PROD000875,4.0,91357.68,10282.98,101640.65999999999,96,10,106,117,13,130,Haldiram Snacks V1,Grocery,Haldiram,1138.76,30,341.63,797.13,367,2.96,4.37,49
PROD000876,5.0,8711091.540000001,1550808.77,10261900.31,186,29,215,235,42,277,Samsung Mobile V5,Electronics,Samsung,67954.39,45,30579.48,37374.91,969,0.74,4.29,98
PROD000877,4.0,29168641.07,3485308.05,32653949.12,208,25,233,259,31,290,HP Laptop V9,Electronics,HP,123804.99,8,9904.4,113900.59,261,4.01,4.48,108
PROD000878,4.0,12886252.799999999,1202815.94,14089068.739999998,221,20,241,278,26,304,boAt Headphones V9,Electronics,boAt,83596.16,44,36782.31,46813.85,392,4.59,4.33,121
PROD000879,4.0,3184779.6,456560.01,3641339.6100000003,201,27,228,260,37,297,Noise Watch V3,Electronics,Noise,23355.32,47,10977.0,12378.32,156,1.59,4.46,114
PROD000880,4.0,11059232.42,1547535.0,12606767.42,186,24,210,222,31,253,Apple iPhone V4,Electronics,Apple,96639.93,48,46387.17,50252.76,141,1.96,4.35,102
PROD000881,5.0,2240835.72,264661.77,2505497.49,168,19,187,211,25,236,Levis Jeans V7,Fashion,Levis,13742.43,22,3023.33,10719.1,103,2.4,4.53,89
PROD000882,4.0,782763.8500000001,66817.28,849581.1300000001,168,15,183,211,18,229,Peter England Shirt V2,Fashion,Peter,5287.01,29,1533.23,3753.78,699,2.41,4.37,104
PROD000883,4.0,714030.5700000001,80378.58,794409.15,151,17,168,188,21,209,Nike Shoes V10,Fashion,Nike,5747.24,33,1896.59,3850.65,233,1.12,4.36,84
PROD000884,4.0,1010137.04,70520.49,1080657.53,171,13,184,216,15,231,Titan Watch V6,Fashion,Titan,6675.53,29,1935.9,4739.63,643,0.6,4.35,79
PROD000885,5.0,1611031.39,256894.02,1867925.41,160,25,185,193,31,224,Puma T-shirt V10,Fashion,Puma,10161.72,17,1727.49,8434.23,309,1.99,4.34,92
PROD000886,4.0,2339100.78,120636.64,2459737.42,129,8,137,157,8,165,IKEA Chair V3,Home,IKEA,26927.82,44,11848.24,15079.58,803,2.69,4.38,63
PROD000887,4.0,868184.8,106246.24,974431.04,94,12,106,122,15,137,Prestige Cooker V2,Home,Prestige,8445.65,15,1266.85,7178.8,406,4.43,4.47,51
PROD000888,5.0,1692172.7999999998,214117.44,1906290.2399999998,110,13,123,133,17,150,Philips Mixer V3,Home,Philips,22514.71,43,9681.33,12833.38,238,1.66,4.43,47
PROD000889,5.0,1261966.9,214062.33,1476029.23,97,18,115,124,21,145,Godrej Almirah V10,Home,Godrej,15604.04,34,5305.37,10298.67,972,1.99,4.43,51
PROD000890,4.0,2731920.62,301833.79000000004,3033754.41,121,13,134,154,17,171,Urban Ladder Sofa V3,Home,Urban,20538.5,12,2464.62,18073.88,112,2.79,4.43,67
PROD000891,4.0,220652.83,15142.56,235795.38999999998,45,4,49,59,4,63,Lakme Lipstick V9,Beauty,Lakme,4253.53,11,467.89,3785.64,973,3.08,4.43,30
PROD000892,5.0,75844.74,7589.18,83433.92000000001,48,5,53,60,6,66,Mamaearth Facewash V1,Beauty,Mamaearth,2512.81,49,1231.28,1281.53,408,3.15,4.57,28
PROD000893,4.0,160574.84,13121.8,173696.63999999998,67,6,73,85,7,92,Nivea Cream V2,Beauty,Nivea,3457.65,45,1555.94,1901.71,483,0.85,4.49,37
PROD000894,5.0,161369.72,10256.220000000001,171625.94,48,4,52,62,4,66,Dove Soap V8,Beauty,Dove,3057.91,14,428.11,2629.8,442,4.45,4.26,31
PROD000895,4.0,44595.020000000004,6085.84,50680.86,43,6,49,59,8,67,Plum Serum V5,Beauty,Plum,1179.97,35,412.99,766.98,815,4.59,4.4,20
PROD000896,4.0,2088569.0,374797.0,2463366.0,91,17,108,111,20,131,Nike T-shirt V1,Sports,Nike,20139.47,5,1006.97,19132.5,136,2.67,4.3,43
PROD000897,3.0,1127497.77,64708.600000000006,1192206.37,106,7,113,139,8,147,Puma Shoes V10,Sports,Puma,8727.25,6,523.63,8203.62,184,2.3,4.26,57
PROD000898,4.0,309787.33,9699.84,319487.17000000004,98,4,102,130,4,134,Decathlon Cycle V8,Sports,Decathlon,3031.2,20,606.24,2424.96,484,2.27,4.21,48
PROD000899,4.0,642041.1900000001,68482.01000000001,710523.2000000001,68,9,77,92,10,102,Yoga Mat V4,Sports,Yoga,12625.55,44,5555.24,7070.31,944,2.19,4.49,39
PROD000900,4.0,1939450.2799999998,211209.08,2150659.36,99,12,111,118,13,131,Dumbbells V9,Sports,Dumbbells,31997.13,48,15358.62,16638.51,71,1.11,4.42,52
PROD000901,4.0,27256.15,1776.24,29032.390000000003,56,4,60,65,4,69,Fiction Novel V2,Books,Fiction,576.72,34,196.08,380.64,190,4.9,4.32,31
PROD000902,4.0,65403.3,5690.8,71094.1,67,8,75,90,8,98,NCERT Book V8,Books,NCERT,944.04,22,207.69,736.35,750,1.23,4.39,36
PROD000903,4.0,20546.44,1857.66,22404.1,54,6,60,71,6,77,Comics V2,Books,Comics,429.89,43,184.85,245.04,626,4.4,4.42,24
PROD000904,4.0,60840.71,4893.78,65734.49,65,6,71,76,6,82,Notebook V5,Books,Notebook,1538.93,47,723.3,815.63,430,4.13,4.38,37
PROD000905,4.0,67075.89,8418.91,75494.8,63,7,70,78,10,88,Stationery Set V10,Books,Stationery,1031.73,15,154.76,876.97,342,1.79,4.22,27
PROD000906,4.0,210055.07,16365.33,226420.4,107,6,113,138,11,149,Aashirvaad Atta V2,Grocery,Aashirvaad,1842.74,17,313.27,1529.47,295,1.5,4.37,57
PROD000907,4.0,13777.34,1471.95,15249.29,101,11,112,125,12,137,Fortune Oil V5,Grocery,Fortune,101.54,38,38.59,62.95,835,0.52,4.42,59
PROD000908,4.0,69536.31999999999,4216.0,73752.31999999999,107,8,115,142,8,150,Lays Chips V10,Grocery,Lays,751.69,39,293.16,458.53,117,1.93,4.38,63
PROD000909,4.0,279646.5,21061.81,300708.31,109,9,118,148,11,159,Nescafe Coffee V6,Grocery,Nescafe,2735.3,30,820.59,1914.71,22,0.67,4.46,72
PROD000910,4.0,94598.3,6325.83,100924.13,106,6,112,137,9,146,Haldiram Snacks V8,Grocery,Haldiram,949.83,26,246.96,702.87,810,3.36,4.42,53
PROD000911,4.0,17818801.169999998,2114561.82,19933362.99,208,28,236,267,32,299,Samsung Mobile V8,Electronics,Samsung,79232.37,15,11884.86,67347.51,517,4.6,4.34,104
PROD000912,4.0,16309076.600000001,1335732.6,17644809.200000003,209,16,225,247,20,267,HP Laptop V10,Electronics,HP,130968.88,49,64174.75,66794.13,998,0.68,4.34,107
PROD000913,5.0,11188609.07,1097244.3800000001,12285853.450000001,223,22,245,277,27,304,boAt Headphones V7,Electronics,boAt,48565.87,16,7770.54,40795.33,491,2.22,4.58,106
PROD000914,4.0,1370506.24,109398.16,1479904.4,233,20,253,287,23,310,Noise Watch V5,Electronics,Noise,6434.55,25,1608.64,4825.91,922,3.47,4.39,131
PROD000915,4.0,25317832.599999998,3745890.92,29063723.519999996,213,31,244,272,40,312,Apple iPhone V7,Electronics,Apple,113404.1,17,19278.7,94125.4,980,1.06,4.45,108
PROD000916,4.0,770788.66,88301.02,859089.68,160,16,176,191,22,213,Levis Jeans V4,Fashion,Levis,6678.33,39,2604.55,4073.78,777,3.42,4.4,92
PROD000917,5.0,304343.91,24022.28,328366.18999999994,173,15,188,227,18,245,Peter England Shirt V7,Fashion,Peter,1465.42,7,102.58,1362.84,225,2.33,4.48,91
PROD000918,4.0,85427.34,8172.31,93599.65,161,15,176,197,19,216,Nike Shoes V7,Fashion,Nike,615.17,35,215.31,399.86,762,4.93,4.44,87
PROD000919,4.0,1666405.15,199346.08,1865751.23,135,18,153,167,20,187,Titan Watch V10,Fashion,Titan,10605.85,5,530.29,10075.56,68,1.73,4.31,74
PROD000920,4.0,1325134.94,87899.31,1413034.25,156,11,167,196,13,209,Puma T-shirt V3,Fashion,Puma,7656.07,11,842.17,6813.9,59,2.92,4.4,94
PROD000921,5.0,383841.95,48141.96,431983.91000000003,95,9,104,120,15,135,IKEA Chair V10,Home,IKEA,3634.11,11,399.75,3234.36,395,1.59,4.31,54
PROD000922,4.0,891675.74,122178.06,1013853.8,108,17,125,130,18,148,Prestige Cooker V2,Home,Prestige,9467.38,27,2556.19,6911.19,973,2.92,4.33,61
PROD000923,5.0,1765968.2800000003,326129.27,2092097.5500000003,86,17,103,104,19,123,Philips Mixer V9,Home,Philips,32391.19,47,15223.86,17167.33,799,2.64,4.51,43
PROD000924,5.0,6399488.06,282448.51,6681936.569999999,128,5,133,158,7,165,Godrej Almirah V5,Home,Godrej,44031.25,7,3082.19,40949.06,164,2.63,4.3,64
PROD000925,4.0,3541014.97,375492.94,3916507.91,115,10,125,142,15,157,Urban Ladder Sofa V4,Home,Urban,36532.72,31,11325.14,25207.58,703,2.5,4.26,68
PROD000926,4.0,32365.49,2158.65,34524.14,62,5,67,82,5,87,Lakme Lipstick V1,Beauty,Lakme,496.78,27,134.13,362.65,764,0.56,4.27,30
PROD000927,5.0,147574.4,19353.6,166928.0,56,9,65,74,10,84,Mamaearth Facewash V4,Beauty,Mamaearth,2761.65,27,745.65,2016.0,444,3.43,4.52,33
PROD000928,5.0,68229.99,8791.04,77021.03,50,8,58,63,8,71,Nivea Cream V1,Beauty,Nivea,2034.96,46,936.08,1098.88,297,3.91,4.63,27
PROD000929,5.0,163938.96000000002,33305.380000000005,197244.34000000003,57,7,64,68,14,82,Dove Soap V3,Beauty,Dove,3985.32,39,1554.27,2431.05,68,2.21,4.45,31
PROD000930,4.0,49195.07,6839.91,56034.979999999996,44,5,49,51,7,58,Plum Serum V1,Beauty,Plum,1551.0,37,573.87,977.13,849,0.62,4.05,19
PROD000931,4.0,3298815.5,484555.93000000005,3783371.43,95,14,109,117,17,134,Nike T-shirt V9,Sports,Nike,32601.93,12,3912.23,28689.7,169,2.41,4.41,46
PROD000932,5.0,1949408.25,240233.1,2189641.35,93,11,104,123,15,138,Puma Shoes V5,Sports,Puma,20031.93,20,4006.39,16025.54,171,0.58,4.57,54
PROD000933,4.0,2339580.53,237426.6,2577007.13,99,7,106,119,12,131,Decathlon Cycle V3,Sports,Decathlon,21742.36,9,1956.81,19785.55,686,3.68,4.4,47
PROD000934,5.0,714591.47,89140.05,803731.52,103,13,116,127,16,143,Yoga Mat V10,Sports,Yoga,8602.59,34,2924.88,5677.71,278,0.22,4.35,52
PROD000935,5.0,1050823.64,26967.64,1077791.2799999998,122,4,126,152,4,156,Dumbbells V1,Sports,Dumbbells,11567.37,40,4626.95,6940.42,53,4.32,4.45,60
PROD000936,4.0,20758.64,2812.1,23570.739999999998,73,10,83,87,11,98,Fiction Novel V2,Books,Fiction,319.64,39,124.66,194.98,387,2.3,4.28,40
PROD000937,4.0,76596.14,11070.42,87666.56,61,9,70,81,12,93,NCERT Book V5,Books,NCERT,1345.24,29,390.12,955.12,523,0.94,4.51,35
PROD000938,5.0,32186.51,3295.4,35481.909999999996,67,7,74,86,9,95,Comics V1,Books,Comics,602.29,44,265.01,337.28,897,4.24,4.32,41
PROD000939,4.0,61279.73,4884.56,66164.29000000001,72,6,78,89,7,96,Notebook V7,Books,Notebook,809.18,12,97.1,712.08,253,4.99,4.27,33
PROD000940,4.0,33092.94,5972.200000000001,39065.14,49,10,59,57,10,67,Stationery Set V8,Books,Stationery,891.38,33,294.16,597.22,353,1.88,4.23,26
PROD000941,4.0,65491.69,4225.77,69717.46,114,9,123,138,9,147,Aashirvaad Atta V6,Grocery,Aashirvaad,762.33,43,327.8,434.53,172,4.22,4.37,57
PROD000942,5.0,72715.46,6720.98,79436.44,112,12,124,141,13,154,Fortune Oil V6,Grocery,Fortune,939.98,49,460.59,479.39,531,2.18,4.34,62
PROD000943,5.0,29097.23,4001.17,33098.4,104,16,120,128,18,146,Lays Chips V9,Grocery,Lays,288.13,38,109.49,178.64,747,2.45,4.4,65
PROD000944,4.0,155628.37,17110.949999999997,172739.32,114,15,129,144,16,160,Nescafe Coffee V3,Grocery,Nescafe,2056.36,47,966.49,1089.87,297,4.41,4.31,72
PROD000945,4.0,163742.32,20025.99,183768.31,114,17,131,140,17,157,Haldiram Snacks V9,Grocery,Haldiram,1331.43,11,146.46,1184.97,880,3.54,4.32,59
PROD000946,4.0,4823500.13,419781.64,5243281.77,204,19,223,272,24,296,Samsung Mobile V4,Electronics,Samsung,20390.52,12,2446.86,17943.66,225,1.69,4.4,107
PROD000947,4.0,29936594.31,1784106.4,31720700.709999997,203,13,216,255,15,270,HP Laptop V5,Electronics,HP,125203.96,5,6260.2,118943.76,745,4.41,4.42,107
PROD000948,4.0,27562379.57,3254898.2199999997,30817277.79,216,26,242,272,32,304,boAt Headphones V8,Electronics,boAt,146221.84,30,43866.55,102355.29,106,3.31,4.42,108
PROD000949,5.0,17870886.95,2315504.7,20186391.65,234,29,263,287,37,324,Noise Watch V7,Electronics,Noise,67478.36,7,4723.49,62754.87,102,3.58,4.39,137
PROD000950,4.0,11813978.6,1174375.72,12988354.32,203,18,221,250,25,275,Apple iPhone V2,Electronics,Apple,79246.0,40,31698.4,47547.6,640,2.42,4.45,106
PROD000951,5.0,374397.71,36452.2,410849.91000000003,160,15,175,205,20,225,Levis Jeans V7,Fashion,Levis,2382.03,22,524.05,1857.98,798,2.31,4.56,95
PROD000952,3.0,217119.01,23004.8,240123.81,160,15,175,191,20,211,Peter England Shirt V7,Fashion,Peter,2266.7,49,1110.68,1156.02,29,1.71,4.42,81
PROD000953,4.0,750113.5800000001,60923.54,811037.1200000001,162,16,178,209,17,226,Nike Shoes V1,Fashion,Nike,7159.03,49,3507.92,3651.11,475,1.26,4.37,78
PROD000954,4.0,584316.29,99227.57,683543.8600000001,142,26,168,173,29,202,Titan Watch V6,Fashion,Titan,4642.18,26,1206.97,3435.21,465,2.51,4.48,75
PROD000955,4.0,844901.9400000001,71777.3,916679.2400000001,175,13,188,211,18,229,Puma T-shirt V5,Fashion,Puma,4540.29,11,499.43,4040.86,797,1.87,4.44,90
PROD000956,4.0,611270.0,87953.6,699223.6,114,16,130,140,20,160,IKEA Chair V6,Home,IKEA,6293.11,30,1887.93,4405.18,636,4.85,4.33,54
PROD000957,5.0,3175097.6,160956.4,3336054.0,105,7,112,139,7,146,Prestige Cooker V5,Home,Prestige,36532.07,37,13516.87,23015.2,675,3.6,4.56,54
PROD000958,4.0,3740153.3,525434.24,4265587.54,115,14,129,151,21,172,Philips Mixer V8,Home,Philips,30151.13,17,5125.69,25025.44,193,4.73,4.41,54
PROD000959,4.0,1085682.0399999998,112118.55999999998,1197800.5999999999,97,10,107,118,12,130,Godrej Almirah V5,Home,Godrej,16714.07,44,7354.19,9359.88,413,0.56,4.48,63
PROD000960,5.0,4228548.08,370129.24,4598677.32,122,12,134,161,14,175,Urban Ladder Sofa V5,Home,Urban,30611.03,13,3979.43,26631.6,375,2.16,4.44,66
PROD000961,5.0,60723.39,2017.36,62740.75,53,2,55,61,2,63,Lakme Lipstick V9,Beauty,Lakme,1146.23,12,137.55,1008.68,780,4.03,4.46,26
PROD000962,5.0,205906.78,17973.72,223880.5,61,6,67,81,7,88,Mamaearth Facewash V8,Beauty,Mamaearth,4451.65,42,1869.69,2581.96,488,3.47,4.51,43
PROD000963,4.0,67908.94,11192.84,79101.78,45,7,52,55,9,64,Nivea Cream V9,Beauty,Nivea,2509.52,50,1254.76,1254.76,948,4.17,4.28,25
PROD000964,5.0,81197.71,11490.29,92688.0,42,6,48,50,7,57,Dove Soap V6,Beauty,Dove,1936.35,14,271.09,1665.26,751,4.98,4.54,26
PROD000965,4.0,44284.03,4746.77,49030.8,51,4,55,67,7,74,Plum Serum V3,Beauty,Plum,968.73,30,290.62,678.11,642,3.5,4.42,26
PROD000966,4.0,84336.84999999999,12671.59,97008.43999999999,99,14,113,122,18,140,Nike T-shirt V4,Sports,Nike,1388.06,49,680.15,707.91,486,1.73,4.51,55
PROD000967,4.0,1113584.89,93816.9,1207401.7899999998,99,8,107,130,11,141,Puma Shoes V7,Sports,Puma,13168.76,34,4477.38,8691.38,579,3.4,4.42,50
PROD000968,5.0,2954918.71,257216.6,3212135.31,88,6,94,116,10,126,Decathlon Cycle V7,Sports,Decathlon,28265.56,9,2543.9,25721.66,327,2.77,4.5,42
PROD000969,5.0,322147.24,35533.729999999996,357680.97,85,8,93,100,11,111,Yoga Mat V5,Sports,Yoga,4262.41,24,1022.98,3239.43,988,2.59,4.45,40
PROD000970,5.0,1576891.69,157734.17,1734625.8599999999,100,7,107,111,11,122,Dumbbells V2,Sports,Dumbbells,25156.97,43,10817.5,14339.47,912,3.73,4.16,63
PROD000971,5.0,34253.1,2509.67,36762.77,63,5,68,84,6,90,Fiction Novel V6,Books,Fiction,561.92,32,179.81,382.11,15,1.94,4.58,33
PROD000972,4.0,79129.73000000001,7786.0,86915.73000000001,67,4,71,82,8,90,NCERT Book V3,Books,NCERT,1388.13,29,402.56,985.57,817,4.76,4.43,30
PROD000973,4.0,15016.59,3167.45,18184.04,58,10,68,65,15,80,Comics V10,Books,Comics,187.6,5,9.38,178.22,435,0.98,4.28,29
PROD000974,4.0,54145.79,7007.71,61153.5,54,7,61,68,9,77,Notebook V4,Books,Notebook,911.5,11,100.27,811.23,685,3.34,4.29,28
PROD000975,5.0,78713.62,13281.529999999999,91995.15,55,9,64,64,11,75,Stationery Set V2,Books,Stationery,1985.09,37,734.48,1250.61,21,3.7,4.61,33
PROD000976,5.0,56415.3,9485.51,65900.81,87,12,99,114,20,134,Aashirvaad Atta V10,Grocery,Aashirvaad,640.49,28,179.34,461.15,859,1.65,4.55,42
PROD000977,4.0,242954.35,15224.84,258179.19,114,8,122,142,9,151,Fortune Oil V3,Grocery,Fortune,2902.43,40,1160.97,1741.46,665,4.09,4.34,61
PROD000978,5.0,9494.789999999999,1426.87,10921.66,101,14,115,123,17,140,Lays Chips V2,Grocery,Lays,52.25,50,26.12,26.13,604,3.23,4.35,52
PROD000979,5.0,284527.11,22692.6,307219.70999999996,106,9,115,138,11,149,Nescafe Coffee V5,Grocery,Nescafe,2570.24,19,488.35,2081.89,694,2.52,4.39,54
PROD000980,4.0,182571.82,21134.52,203706.34,112,16,128,137,16,153,Haldiram Snacks V7,Grocery,Haldiram,1879.79,28,526.34,1353.45,91,3.71,4.37,54
PROD000981,4.0,21066384.04,1543594.83,22609978.869999997,221,15,236,271,20,291,Samsung Mobile V7,Electronics,Samsung,127032.16,38,48272.22,78759.94,866,0.39,4.5,111
PROD000982,3.0,9363610.33,1176412.18,10540022.51,207,23,230,245,31,276,HP Laptop V1,Electronics,HP,40602.66,5,2030.13,38572.53,808,2.91,4.4,116
PROD000983,4.0,5263669.61,625901.16,5889570.7700000005,197,26,223,245,29,274,boAt Headphones V4,Electronics,boAt,23550.14,8,1884.01,21666.13,290,3.28,4.56,91
PROD000984,4.0,1325466.93,168427.22,1493894.15,194,25,219,251,32,283,Noise Watch V2,Electronics,Noise,9026.74,41,3700.96,5325.78,714,0.32,4.31,97
PROD000985,4.0,6295746.8100000005,664714.93,6960461.74,214,22,236,267,28,295,Apple iPhone V6,Electronics,Apple,40384.24,41,16557.54,23826.7,272,4.25,4.36,108
PROD000986,4.0,890273.49,99384.58,989658.07,160,14,174,188,21,209,Levis Jeans V4,Fashion,Levis,7254.12,34,2466.4,4787.72,987,4.26,4.41,93
PROD000987,4.0,1306500.25,155949.18,1462449.43,153,19,172,197,24,221,Peter England Shirt V9,Fashion,Peter,12177.08,45,5479.69,6697.39,599,3.19,4.38,71
PROD000988,4.0,1741349.67,192773.19,1934122.8599999999,148,16,164,189,21,210,Nike Shoes V8,Fashion,Nike,10418.82,11,1146.07,9272.75,830,2.96,4.34,82
PROD000989,4.0,616962.4,74108.15,691070.55,142,18,160,184,22,206,Titan Watch V7,Fashion,Titan,4772.53,29,1384.03,3388.5,573,2.83,4.35,74
PROD000990,4.0,2273994.04,380466.06,2654460.1,152,26,178,190,32,222,Puma T-shirt V8,Fashion,Puma,12766.21,5,638.31,12127.9,343,0.63,4.35,79
PROD000991,4.0,510504.0,73998.12,584502.12,116,18,134,152,22,174,IKEA Chair V4,Home,IKEA,6802.57,50,3401.28,3401.29,688,4.55,4.43,70
PROD000992,5.0,3861454.9699999997,526074.4099999999,4387529.38,118,16,134,155,21,176,Prestige Cooker V3,Home,Prestige,29565.47,14,4139.17,25426.3,368,0.38,4.38,68
PROD000993,4.0,2792391.35,399507.11,3191898.46,100,12,112,119,17,136,Philips Mixer V1,Home,Philips,41020.85,42,17228.76,23792.09,642,0.45,4.31,42
PROD000994,4.0,2747128.9899999998,265348.32,3012477.3099999996,91,8,99,115,11,126,Godrej Almirah V10,Home,Godrej,37698.62,36,13571.5,24127.12,587,0.81,4.4,42
PROD000995,4.0,799092.42,63990.92,863083.3400000001,115,9,124,150,12,162,Urban Ladder Sofa V9,Home,Urban,7799.41,31,2417.82,5381.59,967,1.82,4.35,55
PROD000996,5.0,215079.59999999998,44602.399999999994,259681.99999999997,45,6,51,49,10,59,Lakme Lipstick V4,Beauty,Lakme,4901.36,9,441.12,4460.24,466,4.21,4.55,22
PROD000997,4.0,279704.22,36193.47,315897.68999999994,55,9,64,68,9,77,Mamaearth Facewash V8,Beauty,Mamaearth,4540.66,8,363.25,4177.41,632,3.65,4.39,31
PROD000998,4.0,74190.1,8277.6,82467.70000000001,59,7,66,70,8,78,Nivea Cream V4,Beauty,Nivea,1480.48,28,414.53,1065.95,355,2.82,4.42,26
PROD000999,4.0,62754.34,6349.71,69104.05,56,6,62,68,7,75,Dove Soap V8,Beauty,Dove,1385.87,33,457.34,928.53,595,2.47,4.43,28
PROD001000,4.0,262015.32,34027.32,296042.64,58,8,66,69,9,78,Plum Serum V9,Beauty,Plum,4619.92,17,785.39,3834.53,399,2.87,4.39,33
PROD001001,4.0,1918661.07,248876.74000000002,2167537.81,94,13,107,116,15,131,Nike T-shirt V4,Sports,Nike,21995.48,24,5278.92,16716.56,348,0.74,4.44,50
PROD001002,4.0,209485.24000000002,11105.960000000001,220591.2,95,4,99,114,6,120,Puma Shoes V7,Sports,Puma,3276.6,43,1408.94,1867.66,925,3.67,4.47,45
PROD001003,5.0,189360.55000000002,21732.09,211092.64,85,9,94,113,13,126,Decathlon Cycle V10,Sports,Decathlon,2523.77,33,832.84,1690.93,825,1.37,4.31,45
PROD001004,4.0,2358884.91,186547.85,2545432.7600000002,109,11,120,138,11,149,Yoga Mat V4,Sports,Yoga,23661.57,27,6388.62,17272.95,395,0.69,4.4,58
PROD001005,4.0,709522.35,75211.31,784733.6599999999,77,9,86,104,11,115,Dumbbells V6,Sports,Dumbbells,9324.49,26,2424.37,6900.12,659,0.98,4.34,41
PROD001006,5.0,86014.11,9099.27,95113.38,59,6,65,84,9,93,Fiction Novel V5,Books,Fiction,1208.94,14,169.25,1039.69,277,1.79,4.52,27
PROD001007,5.0,99632.94,10796.98,110429.92,56,7,63,65,7,72,NCERT Book V2,Books,NCERT,1664.66,6,99.88,1564.78,313,0.68,4.42,26
PROD001008,4.0,17221.12,1456.05,18677.17,65,5,70,76,7,83,Comics V5,Books,Comics,300.45,41,123.18,177.27,506,3.96,4.32,38
PROD001009,4.0,58823.18,8665.82,67489.0,53,8,61,61,9,70,Notebook V4,Books,Notebook,1202.45,19,228.47,973.98,350,3.14,4.39,23
PROD001010,4.0,59513.049999999996,6123.78,65636.83,73,7,80,89,9,98,Stationery Set V2,Books,Stationery,723.85,6,43.43,680.42,593,3.15,4.56,48
PROD001011,4.0,101853.28,9455.95,111309.23,117,12,129,150,14,164,Aashirvaad Atta V5,Grocery,Aashirvaad,1357.77,49,665.31,692.46,346,1.91,4.33,61
PROD001012,5.0,205105.83000000002,16423.420000000002,221529.25000000003,112,8,120,138,11,149,Fortune Oil V4,Grocery,Fortune,1742.42,13,226.51,1515.91,264,0.61,4.4,57
PROD001013,5.0,75491.97,6617.86,82109.83,108,12,120,145,12,157,Lays Chips V4,Grocery,Lays,690.14,29,200.14,490.0,785,3.19,4.53,55
PROD001014,3.0,185179.56,21759.94,206939.5,108,14,122,128,15,143,Nescafe Coffee V1,Grocery,Nescafe,1880.91,22,413.8,1467.11,178,1.7,4.39,56
PROD001015,4.0,247040.29,17936.38,264976.67,101,9,110,123,9,132,Haldiram Snacks V8,Grocery,Haldiram,2277.03,11,250.47,2026.56,231,3.1,4.4,53
PROD001016,4.0,15141304.51,1139903.99,16281208.5,203,14,217,251,19,270,Samsung Mobile V10,Electronics,Samsung,81283.71,25,20320.93,60962.78,858,4.44,4.5,107
PROD001017,4.0,692815.06,67297.21,760112.27,212,22,234,268,26,294,HP Laptop V7,Electronics,HP,3746.37,30,1123.91,2622.46,290,4.63,4.49,110
PROD001018,5.0,11262369.84,970240.1599999999,12232610.0,218,18,236,279,24,303,boAt Headphones V10,Electronics,boAt,43386.38,6,2603.18,40783.2,607,4.13,4.42,111
PROD001019,4.0,6910637.279999999,800637.7999999999,7711275.079999999,206,28,234,264,31,295,Noise Watch V5,Electronics,Noise,48043.08,45,21619.39,26423.69,673,3.72,4.33,105
PROD001020,4.0,4163005.65,447473.87,4610479.52,210,27,237,270,29,299,Apple iPhone V3,Electronics,Apple,24369.77,36,8773.12,15596.65,1000,2.69,4.41,108
PROD001021,4.0,537436.28,70719.25,608155.53,151,20,171,192,25,217,Levis Jeans V7,Fashion,Levis,3590.85,21,754.08,2836.77,433,4.06,4.32,85
PROD001022,4.0,1142655.63,190312.5,1332968.13,164,26,190,205,34,239,Peter England Shirt V10,Fashion,Peter,10094.98,44,4441.79,5653.19,277,0.66,4.31,71
PROD001023,4.0,853447.48,187958.80000000002,1041406.28,150,28,178,184,40,224,Nike Shoes V3,Fashion,Nike,8713.37,46,4008.15,4705.22,754,4.64,4.3,80
PROD001024,4.0,566833.32,47282.66,614115.98,189,16,205,229,19,248,Titan Watch V6,Fashion,Titan,2672.67,6,160.36,2512.31,451,1.18,4.33,103
PROD001025,5.0,582955.45,96771.44,679726.8899999999,160,22,182,198,33,231,Puma T-shirt V3,Fashion,Puma,5961.32,50,2980.66,2980.66,523,0.37,4.41,81
PROD001026,4.0,3181775.08,462454.37,3644229.45,103,15,118,132,19,151,IKEA Chair V3,Home,IKEA,39274.56,38,14924.33,24350.23,506,1.05,4.22,51
PROD001027,3.0,2228533.63,340631.87,2569165.5,95,16,111,118,18,136,Prestige Cooker V3,Home,Prestige,29285.07,35,10249.77,19035.3,988,4.37,4.55,53
PROD001028,3.0,1552229.76,54812.65,1607042.41,106,4,110,142,5,147,Philips Mixer V7,Home,Philips,11560.56,5,578.03,10982.53,556,4.72,4.56,61
PROD001029,4.0,1611720.53,277309.8,1889030.33,103,16,119,121,21,142,Godrej Almirah V10,Home,Godrej,21383.09,37,7911.74,13471.35,863,4.33,4.26,50
PROD001030,5.0,1821412.28,158558.44999999998,1979970.73,133,13,146,174,15,189,Urban Ladder Sofa V4,Home,Urban,19249.5,45,8662.27,10587.23,947,2.13,4.52,66
PROD001031,4.0,60103.13,1612.6,61715.729999999996,62,2,64,76,2,78,Lakme Lipstick V6,Beauty,Lakme,1221.66,34,415.36,806.3,152,0.71,4.59,29
PROD001032,5.0,115464.42,25031.9,140496.32,41,5,46,46,10,56,Mamaearth Facewash V4,Beauty,Mamaearth,4505.69,44,1982.5,2523.19,408,3.85,4.59,22
PROD001033,5.0,228658.13,19137.39,247795.52000000002,48,4,52,59,5,64,Nivea Cream V1,Beauty,Nivea,4594.81,15,689.22,3905.59,264,2.34,4.38,26
PROD001034,4.0,102856.14,5383.54,108239.68,49,1,50,57,3,60,Dove Soap V2,Beauty,Dove,3122.73,42,1311.55,1811.18,849,4.97,4.5,24
PROD001035,5.0,56309.479999999996,6569.94,62879.42,64,8,72,75,9,84,Plum Serum V3,Beauty,Plum,815.6,6,48.94,766.66,672,2.41,4.42,38
PROD001036,4.0,63076.46000000001,9958.900000000001,73035.36000000002,86,12,98,106,17,123,Nike T-shirt V8,Sports,Nike,1087.44,44,478.47,608.97,276,2.73,4.39,44
PROD001037,4.0,1446843.51,177206.87,1624050.38,92,12,104,114,14,128,Puma Shoes V6,Sports,Puma,17716.52,28,4960.63,12755.89,305,1.7,4.35,51
PROD001038,4.0,578598.92,61362.01,639960.93,90,9,99,112,12,124,Decathlon Cycle V3,Sports,Decathlon,6190.68,16,990.51,5200.17,926,3.43,4.24,50
PROD001039,4.0,2128232.45,278664.76,2406897.21,88,12,100,107,14,121,Yoga Mat V6,Sports,Yoga,34009.84,41,13944.03,20065.81,469,1.33,4.4,53
PROD001040,4.0,508698.16,49962.17,558660.33,92,7,99,112,11,123,Dumbbells V9,Sports,Dumbbells,4938.56,7,345.7,4592.86,653,2.37,4.31,42
PROD001041,4.0,93274.58,8484.79,101759.37,62,6,68,77,7,84,Fiction Novel V8,Books,Fiction,1322.24,7,92.56,1229.68,222,1.56,4.34,35
PROD001042,4.0,14347.56,1185.5,15533.06,51,4,55,63,6,69,NCERT Book V6,Books,NCERT,252.01,30,75.6,176.41,353,3.31,4.55,29
PROD001043,5.0,82164.37,10827.96,92992.32999999999,71,9,80,93,12,105,Comics V4,Books,Comics,1156.83,22,254.5,902.33,851,2.96,4.39,38
PROD001044,4.0,142979.1,14596.96,157576.06,67,7,74,80,8,88,Notebook V9,Books,Notebook,1933.81,5,96.69,1837.12,118,3.66,4.4,35
PROD001045,4.0,74604.09999999999,15122.31,89726.40999999999,58,11,69,75,15,90,Stationery Set V3,Books,Stationery,1301.18,22,286.26,1014.92,494,3.05,4.38,37
PROD001046,4.0,134583.33000000002,9963.62,144546.95,125,12,137,157,12,169,Aashirvaad Atta V8,Grocery,Aashirvaad,1479.59,41,606.63,872.96,617,3.33,4.38,69
PROD001047,4.0,104963.47,7502.79,112466.26,99,8,107,127,9,136,Fortune Oil V5,Grocery,Fortune,1381.99,39,538.98,843.01,537,0.76,4.42,48
PROD001048,4.0,35766.93,2953.75,38720.68,100,8,108,124,11,135,Lays Chips V5,Grocery,Lays,284.94,15,42.74,242.2,286,3.62,4.39,57
PROD001049,4.0,37404.31,1780.8,39185.11,111,6,117,137,6,143,Nescafe Coffee V4,Grocery,Nescafe,255.33,11,28.09,227.24,1000,3.74,4.41,54
PROD001050,4.0,110397.76,18033.0,128430.76,97,12,109,123,20,143,Haldiram Snacks V2,Grocery,Haldiram,1753.17,48,841.52,911.65,374,1.0,4.56,52
PROD001051,4.0,10574405.86,1585437.48,12159843.34,202,30,232,253,38,291,Samsung Mobile V1,Electronics,Samsung,56226.5,25,14056.62,42169.88,517,3.72,4.48,108
PROD001052,4.0,4454808.69,394832.5,4849641.19,217,21,238,282,25,307,HP Laptop V3,Electronics,HP,20162.95,21,4234.22,15928.73,735,3.33,4.43,100
PROD001053,5.0,2899023.83,298807.29,3197831.12,230,26,256,297,31,328,boAt Headphones V8,Electronics,boAt,15381.24,36,5537.25,9843.99,99,2.3,4.37,126
PROD001054,5.0,2714305.6,339200.7,3053506.3000000003,217,27,244,280,35,315,Noise Watch V2,Electronics,Noise,11507.06,15,1726.06,9781.0,718,1.35,4.42,109
PROD001055,4.0,5030105.279999999,592579.35,5622684.629999999,226,25,251,280,33,313,Apple iPhone V7,Electronics,Apple,30722.51,41,12596.23,18126.28,716,3.68,4.27,118
PROD001056,4.0,532041.35,81928.06,613969.4099999999,163,23,186,206,32,238,Levis Jeans V10,Fashion,Levis,3834.17,32,1226.93,2607.24,992,4.17,4.34,92
PROD001057,4.0,1187810.97,128646.62,1316457.5899999999,180,19,199,222,24,246,Peter England Shirt V1,Fashion,Peter,8445.82,36,3040.5,5405.32,644,3.93,4.37,92
PROD001058,4.0,1065036.8,144825.58000000002,1209862.3800000001,159,21,180,198,27,225,Nike Shoes V9,Fashion,Nike,9052.78,40,3621.11,5431.67,150,3.23,4.33,99
PROD001059,5.0,210740.9,27153.5,237894.4,138,15,153,169,22,191,Titan Watch V8,Fashion,Titan,2250.95,44,990.42,1260.53,929,3.74,4.38,69
PROD001060,4.0,533034.6900000001,57221.600000000006,590256.29,170,15,185,216,23,239,Puma T-shirt V1,Fashion,Puma,3123.45,20,624.69,2498.76,154,3.63,4.26,92
PROD001061,4.0,21539.01,1986.73,23525.739999999998,107,11,118,134,13,147,IKEA Chair V4,Home,IKEA,208.69,46,96.0,112.69,981,3.45,4.46,50
PROD001062,5.0,676027.45,65967.48,741994.9299999999,115,10,125,140,14,154,Prestige Cooker V1,Home,Prestige,5959.12,18,1072.64,4886.48,483,2.27,4.36,59
PROD001063,4.0,942172.78,137496.36000000002,1079669.1400000001,111,16,127,138,20,158,Philips Mixer V5,Home,Philips,13046.02,47,6131.63,6914.39,514,0.41,4.4,62
PROD001064,4.0,405070.16,49490.28,454560.43999999994,118,14,132,149,18,167,Godrej Almirah V5,Home,Godrej,3197.05,14,447.59,2749.46,156,3.31,4.33,64
PROD001065,5.0,168155.02,16094.749999999998,184249.77,120,10,130,146,14,160,Urban Ladder Sofa V4,Home,Urban,1765.29,34,600.2,1165.09,859,0.59,4.52,63
PROD001066,4.0,148339.59,24078.09,172417.68,51,7,58,62,10,72,Lakme Lipstick V5,Beauty,Lakme,3524.82,31,1092.69,2432.13,481,3.86,4.37,27
PROD001067,4.0,56393.6,3709.68,60103.28,49,3,52,62,4,66,Mamaearth Facewash V5,Beauty,Mamaearth,1571.9,41,644.48,927.42,643,0.38,4.26,27
PROD001068,4.0,19789.91,2444.67,22234.58,60,6,66,68,9,77,Nivea Cream V5,Beauty,Nivea,462.53,47,217.39,245.14,286,3.36,4.5,32
PROD001069,4.0,91874.54000000001,8915.28,100789.82,51,5,56,63,6,69,Dove Soap V8,Beauty,Dove,1929.71,23,443.83,1485.88,480,3.43,4.14,29
PROD001070,4.0,124549.96999999999,16157.46,140707.43,71,8,79,86,11,97,Plum Serum V3,Beauty,Plum,1562.62,6,93.76,1468.86,367,2.76,4.39,31
PROD001071,5.0,778011.34,72644.58,850655.9199999999,76,6,82,97,9,106,Nike T-shirt V5,Sports,Nike,13916.58,42,5844.96,8071.62,923,3.26,4.52,42
PROD001072,5.0,1096148.73,68566.29,1164715.02,98,7,105,113,7,120,Puma Shoes V4,Sports,Puma,12110.46,19,2300.99,9809.47,128,1.14,4.57,51
PROD001073,5.0,1644437.52,215152.69,1859590.21,103,11,114,123,16,139,Decathlon Cycle V8,Sports,Decathlon,16717.35,19,3176.3,13541.05,790,3.96,4.41,59
PROD001074,4.0,1044572.08,123242.7,1167814.78,95,10,105,120,14,134,Yoga Mat V8,Sports,Yoga,9568.53,8,765.48,8803.05,122,4.92,4.57,54
PROD001075,5.0,2687742.17,222546.55000000002,2910288.7199999997,91,10,101,121,10,131,Dumbbells V6,Sports,Dumbbells,29194.09,23,6714.64,22479.45,45,1.56,4.33,49
PROD001076,4.0,8000.96,841.9300000000001,8842.89,59,6,65,71,7,78,Fiction Novel V6,Books,Fiction,114.7,49,56.2,58.5,238,0.51,4.28,32
PROD001077,4.0,45771.16,5378.56,51149.72,54,8,62,69,8,77,NCERT Book V3,Books,NCERT,1084.39,38,412.07,672.32,23,2.93,4.36,28
PROD001078,5.0,12809.94,847.13,13657.07,69,5,74,87,5,92,Comics V10,Books,Comics,162.83,43,70.02,92.81,930,3.02,4.43,35
PROD001079,5.0,54516.240000000005,2334.42,56850.66,72,3,75,88,4,92,Notebook V3,Books,Notebook,836.64,25,209.16,627.48,761,0.54,4.3,40
PROD001080,5.0,11068.15,769.29,11837.439999999999,64,5,69,73,5,78,Stationery Set V6,Books,Stationery,105.46,6,6.33,99.13,184,3.36,4.53,38
PROD001081,4.0,91668.15000000001,6889.400000000001,98557.55,102,8,110,130,10,140,Aashirvaad Atta V10,Grocery,Aashirvaad,971.54,26,252.6,718.94,729,4.96,4.35,57
PROD001082,4.0,54625.020000000004,6903.57,61528.590000000004,113,14,127,142,18,160,Fortune Oil V5,Grocery,Fortune,569.03,39,221.92,347.11,68,3.29,4.47,62
PROD001083,5.0,47717.53,5758.6900000000005,53476.22,116,14,130,145,17,162,Lays Chips V4,Grocery,Lays,410.9,29,119.16,291.74,733,1.06,4.42,64
PROD001084,4.0,236338.25999999998,27996.8,264335.06,113,14,127,151,18,169,Nescafe Coffee V4,Grocery,Nescafe,2364.32,33,780.23,1584.09,60,4.58,4.42,52
PROD001085,4.0,27367.75,2883.37,30251.12,99,10,109,121,13,134,Haldiram Snacks V3,Grocery,Haldiram,195.91,8,15.67,180.24,749,4.91,4.5,42
PROD001086,4.0,8036295.66,760542.62,8796838.28,214,20,234,274,26,300,Samsung Mobile V7,Electronics,Samsung,35956.35,18,6472.14,29484.21,505,0.68,4.44,114
PROD001087,5.0,5498766.16,690366.84,6189133.0,202,23,225,256,32,288,HP Laptop V2,Electronics,HP,29356.48,26,7632.68,21723.8,493,4.82,4.45,108
PROD001088,4.0,18236260.65,1827271.0,20063531.65,200,18,218,253,25,278,boAt Headphones V3,Electronics,boAt,79455.26,8,6356.42,73098.84,60,4.23,4.35,116
PROD001089,4.0,19990259.75,2078574.76,22068834.51,209,22,231,269,28,297,Noise Watch V9,Electronics,Noise,87262.81,14,12216.79,75046.02,449,1.73,4.43,99
PROD001090,4.0,16322464.129999999,1876607.81,18199071.939999998,214,22,236,262,30,292,Apple iPhone V10,Electronics,Apple,108583.53,42,45605.08,62978.45,55,1.51,4.35,128
PROD001091,4.0,414233.7,50572.87,464806.57,162,19,181,203,25,228,Levis Jeans V10,Fashion,Levis,3266.42,37,1208.58,2057.84,275,3.79,4.45,88
PROD001092,5.0,524263.60000000003,61901.3,586164.9,154,17,171,194,23,217,Peter England Shirt V6,Fashion,Peter,3329.66,18,599.34,2730.32,345,2.02,4.38,86
PROD001093,4.0,1144853.25,167716.34,1312569.59,185,26,211,227,33,260,Nike Shoes V4,Fashion,Nike,6151.04,17,1045.68,5105.36,527,2.04,4.41,99
PROD001094,4.0,128854.42,28319.72,157174.14,140,25,165,164,36,200,Titan Watch V10,Fashion,Titan,851.95,6,51.12,800.83,306,0.69,4.39,76
PROD001095,4.0,657489.83,40392.22,697882.0499999999,153,11,164,192,12,204,Puma T-shirt V2,Fashion,Puma,6938.84,50,3469.42,3469.42,826,1.94,4.43,70
PROD001096,4.0,3406837.69,219426.85,3626264.54,124,10,134,169,11,180,IKEA Chair V8,Home,IKEA,32257.03,37,11935.1,20321.93,884,3.38,4.46,68
PROD001097,4.0,1068416.39,83900.67,1152317.0599999998,112,8,120,139,11,150,Prestige Cooker V8,Home,Prestige,9253.82,16,1480.61,7773.21,368,4.27,4.18,55
PROD001098,4.0,3810528.41,360550.24,4171078.6500000004,105,12,117,126,12,138,Philips Mixer V9,Home,Philips,41302.13,26,10738.55,30563.58,621,1.05,4.41,56
PROD001099,5.0,1577795.4400000002,136844.80000000002,1714640.2400000002,127,11,138,162,14,176,Godrej Almirah V7,Home,Godrej,19689.89,50,9844.94,9844.95,959,0.83,4.46,59
PROD001100,4.0,2681938.39,429801.28,3111739.67,121,16,137,151,24,175,Urban Ladder Sofa V9,Home,Urban,26338.92,32,8428.45,17910.47,669,3.09,4.23,60
PROD001101,5.0,76268.78,2228.08,78496.86,54,2,56,70,2,72,Lakme Lipstick V6,Beauty,Lakme,1251.73,11,137.69,1114.04,145,4.78,4.52,29
PROD001102,4.0,49898.75,2816.2,52714.95,62,4,66,72,4,76,Mamaearth Facewash V7,Beauty,Mamaearth,1235.17,43,531.12,704.05,941,0.72,4.33,33
PROD001103,4.0,30920.65,6287.0,37207.65,41,6,47,50,10,60,Nivea Cream V10,Beauty,Nivea,1186.22,47,557.52,628.7,727,0.52,4.36,25
PROD001104,5.0,159426.72999999998,14426.68,173853.40999999997,44,4,48,55,5,60,Dove Soap V7,Beauty,Dove,3873.98,24,929.76,2944.22,230,1.71,4.28,18
PROD001105,5.0,273150.16000000003,31717.190000000002,304867.35000000003,56,6,62,76,9,85,Plum Serum V6,Beauty,Plum,4356.13,17,740.54,3615.59,167,4.25,4.19,26
PROD001106,4.0,1068961.72,79018.59999999999,1147980.32,97,8,105,123,9,132,Nike T-shirt V10,Sports,Nike,12201.94,28,3416.54,8785.4,276,3.79,4.49,51
PROD001107,4.0,68278.74,7635.55,75914.29000000001,74,10,84,88,10,98,Puma Shoes V9,Sports,Puma,1493.34,47,701.87,791.47,670,2.28,4.49,43
PROD001108,4.0,1930979.47,208120.84,2139100.31,93,10,103,112,12,124,Decathlon Cycle V3,Sports,Decathlon,22724.09,23,5226.54,17497.55,593,2.47,4.34,58
PROD001109,4.0,1530272.34,220259.58000000002,1750531.9200000002,82,10,92,98,14,112,Yoga Mat V1,Sports,Yoga,22013.35,28,6163.74,15849.61,696,4.25,4.5,40
PROD001110,5.0,3557188.03,376946.18,3934134.21,104,12,116,132,14,146,Dumbbells V9,Sports,Dumbbells,33071.26,18,5952.83,27118.43,342,4.76,4.54,50
PROD001111,4.0,62219.91,2616.44,64836.350000000006,70,4,74,91,4,95,Fiction Novel V7,Books,Fiction,1173.51,40,469.4,704.11,36,4.87,4.24,37
PROD001112,4.0,105862.93,8654.6,114517.53,66,7,73,85,7,92,NCERT Book V4,Books,NCERT,1766.6,29,512.31,1254.29,181,1.65,4.44,34
PROD001113,4.0,155942.91999999998,23909.2,179852.12,70,10,80,92,14,106,Comics V4,Books,Comics,1816.81,6,109.01,1707.8,71,4.91,4.3,37
PROD001114,5.0,119681.89,16349.13,136031.02,69,12,81,88,12,100,Notebook V5,Books,Notebook,1772.16,22,389.88,1382.28,784,1.62,4.22,41
PROD001115,4.0,97365.46999999999,10283.88,107649.34999999999,70,6,76,85,9,94,Stationery Set V3,Books,Stationery,1366.01,15,204.9,1161.11,285,4.87,4.14,42
PROD001116,5.0,190690.22,27865.44,218555.66,91,15,106,117,17,134,Aashirvaad Atta V10,Grocery,Aashirvaad,2018.0,18,363.24,1654.76,672,1.63,4.35,48
PROD001117,4.0,35702.63,4235.5,39938.13,100,11,111,120,15,135,Fortune Oil V10,Grocery,Fortune,395.94,38,150.46,245.48,128,1.17,4.37,54
PROD001118,4.0,189913.38,11187.94,201101.32,95,7,102,120,7,127,Lays Chips V8,Grocery,Lays,2675.7,40,1070.28,1605.42,887,1.6,4.5,60
PROD001119,4.0,130139.22,16399.7,146538.92,119,17,136,145,18,163,Nescafe Coffee V3,Grocery,Nescafe,1608.16,43,691.51,916.65,235,3.58,4.39,62
PROD001120,3.0,135227.65,28658.75,163886.4,92,16,108,126,27,153,Haldiram Snacks V7,Grocery,Haldiram,1515.61,28,424.37,1091.24,64,1.21,4.22,50
PROD001121,4.0,9000681.0,1036368.5599999999,10037049.56,217,28,245,270,31,301,Samsung Mobile V8,Electronics,Samsung,40063.33,16,6410.13,33653.2,346,3.91,4.49,117
PROD001122,5.0,14083856.08,1635514.73,15719370.81,229,27,256,283,33,316,HP Laptop V5,Electronics,HP,78630.51,36,28306.98,50323.53,944,4.22,4.39,118
PROD001123,4.0,21914961.74,2078159.24,23993120.979999997,219,20,239,264,25,289,boAt Headphones V2,Electronics,boAt,149658.64,44,65849.8,83808.84,887,1.02,4.41,128
PROD001124,5.0,24634798.04,3708594.09,28343392.13,173,27,200,221,33,254,Noise Watch V8,Electronics,Noise,118306.03,5,5915.3,112390.73,380,4.04,4.42,91
PROD001125,5.0,7508705.45,924382.85,8433088.3,193,21,214,251,31,282,Apple iPhone V9,Electronics,Apple,56997.34,47,26788.75,30208.59,462,2.11,4.53,93
PROD001126,3.0,746152.82,82698.16,828850.98,164,19,183,208,23,231,Levis Jeans V8,Fashion,Levis,3930.04,8,314.4,3615.64,517,3.09,4.35,85
PROD001127,4.0,1600673.1800000002,227731.02000000002,1828404.2000000002,157,23,180,190,27,217,Peter England Shirt V9,Fashion,Peter,13948.56,39,5439.94,8508.62,392,0.79,4.34,79
PROD001128,4.0,1902202.43,269902.5,2172104.9299999997,153,21,174,178,25,203,Nike Shoes V1,Fashion,Nike,12268.29,12,1472.19,10796.1,230,0.54,4.47,83
PROD001129,4.0,285223.11,23510.56,308733.67,158,12,170,194,16,210,Titan Watch V5,Fashion,Titan,2705.75,45,1217.59,1488.16,543,3.89,4.34,90
PROD001130,4.0,1048274.47,94954.9,1143229.3699999999,171,15,186,210,19,229,Puma T-shirt V3,Fashion,Puma,9313.63,46,4284.27,5029.36,149,4.52,4.44,94
PROD001131,5.0,4934279.39,597331.03,5531610.42,112,15,127,141,17,158,IKEA Chair V10,Home,IKEA,37208.41,5,1860.42,35347.99,285,3.06,4.42,67
PROD001132,4.0,3698779.86,445481.20999999996,4144261.07,106,11,117,134,16,150,Prestige Cooker V1,Home,Prestige,38926.56,28,10899.44,28027.12,685,2.78,4.39,61
PROD001133,5.0,947374.31,93416.09,1040790.4,108,10,118,133,13,146,Philips Mixer V9,Home,Philips,13107.14,45,5898.21,7208.93,554,3.75,4.38,58
PROD001134,4.0,1718344.63,103923.68,1822268.3099999998,96,7,103,117,7,124,Godrej Almirah V5,Home,Godrej,23945.55,38,9099.31,14846.24,536,1.51,4.45,55
PROD001135,4.0,2280484.33,223828.9,2504313.23,112,11,123,143,14,157,Urban Ladder Sofa V2,Home,Urban,32227.17,50,16113.58,16113.59,89,0.3,4.29,62
PROD001136,4.0,10491.32,460.82,10952.14,43,2,45,48,2,50,Lakme Lipstick V9,Beauty,Lakme,218.86,23,50.34,168.52,295,4.79,4.67,18
PROD001137,4.0,248272.04,26999.68,275271.72000000003,64,6,70,74,8,82,Mamaearth Facewash V5,Beauty,Mamaearth,3628.99,7,254.03,3374.96,571,1.6,4.46,35
PROD001138,5.0,156869.46000000002,11899.2,168768.66000000003,51,4,55,67,5,72,Nivea Cream V4,Beauty,Nivea,4576.61,48,2196.77,2379.84,537,2.75,4.59,29
PROD001139,4.0,151328.57,13936.45,165265.02000000002,40,4,44,55,5,60,Dove Soap V9,Beauty,Dove,4288.14,35,1500.85,2787.29,544,4.17,4.21,19
PROD001140,3.0,262612.54,32866.32,295478.86,59,9,68,80,10,90,Plum Serum V5,Beauty,Plum,4426.44,25,1106.61,3319.83,471,3.73,4.32,34
PROD001141,4.0,2277174.89,290750.63,2567925.52,101,12,113,117,15,132,Nike T-shirt V4,Sports,Nike,32216.5,39,12564.43,19652.07,368,2.99,4.42,57
PROD001142,4.0,1764858.55,116690.26000000001,1881548.81,95,7,102,118,8,126,Puma Shoes V9,Sports,Puma,26128.58,42,10974.0,15154.58,187,4.17,4.47,51
PROD001143,4.0,2552247.42,186948.7,2739196.12,97,6,103,123,9,132,Decathlon Cycle V4,Sports,Decathlon,31834.98,34,10823.89,21011.09,959,3.39,4.42,55
PROD001144,4.0,1112138.5799999998,110730.66,1222869.2399999998,88,8,96,112,11,123,Yoga Mat V10,Sports,Yoga,18327.38,45,8247.32,10080.06,210,2.55,4.27,48
PROD001145,4.0,809968.94,100075.44,910044.3799999999,84,7,91,104,13,117,Dumbbells V10,Sports,Dumbbells,13599.71,42,5711.88,7887.83,337,1.44,4.39,44
PROD001146,4.0,18276.82,3977.45,22254.27,45,10,55,52,11,63,Fiction Novel V6,Books,Fiction,510.42,40,204.17,306.25,160,1.01,4.41,22
PROD001147,5.0,78649.22,5218.24,83867.46,79,6,85,91,6,97,NCERT Book V1,Books,NCERT,1596.43,45,718.39,878.04,254,2.05,4.24,41
PROD001148,4.0,113235.89,9757.6,122993.49,68,6,74,95,8,103,Comics V9,Books,Comics,1370.45,11,150.75,1219.7,575,0.37,4.41,32
PROD001149,4.0,122061.87999999999,9412.98,131474.86,62,6,68,79,6,85,Notebook V5,Books,Notebook,1668.97,6,100.14,1568.83,555,2.21,4.42,43
PROD001150,5.0,111691.71,20266.93,131958.64,75,13,88,89,16,105,Stationery Set V7,Books,Stationery,1634.17,22,359.52,1274.65,86,0.21,4.44,39
PROD001151,4.0,172956.48,31985.36,204941.84000000003,98,16,114,115,21,136,Aashirvaad Atta V5,Grocery,Aashirvaad,2508.86,39,978.46,1530.4,72,4.01,4.38,47
PROD001152,4.0,114159.81,12797.61,126957.42,95,11,106,114,13,127,Fortune Oil V4,Grocery,Fortune,1167.31,13,151.75,1015.56,905,0.38,4.38,39
PROD001153,5.0,55334.450000000004,5712.39,61046.840000000004,97,10,107,125,13,138,Lays Chips V8,Grocery,Lays,571.48,28,160.01,411.47,186,0.48,4.47,53
PROD001154,4.0,27032.07,1432.88,28464.95,104,5,109,126,7,133,Nescafe Coffee V6,Grocery,Nescafe,199.95,17,33.99,165.96,902,3.15,4.39,51
PROD001155,4.0,178845.0,15111.439999999999,193956.44,117,12,129,143,12,155,Haldiram Snacks V8,Grocery,Haldiram,1646.26,23,378.64,1267.62,161,3.0,4.4,68
PROD001156,4.0,3725686.7,527169.69,4252856.390000001,194,27,221,232,33,265,Samsung Mobile V4,Electronics,Samsung,20283.45,20,4056.69,16226.76,706,1.0,4.34,111
PROD001157,5.0,16611519.77,2099000.0,18710519.77,187,22,209,223,28,251,HP Laptop V5,Electronics,HP,87805.34,14,12292.75,75512.59,276,3.77,4.56,100
PROD001158,4.0,27493169.68,5211754.6,32704924.28,188,34,222,232,44,276,boAt Headphones V5,Electronics,boAt,127171.69,6,7630.3,119541.39,562,0.56,4.34,113
PROD001159,4.0,13336493.48,1656228.03,14992721.51,218,28,246,266,33,299,Noise Watch V5,Electronics,Noise,88874.29,43,38215.94,50658.35,637,3.14,4.3,133
PROD001160,4.0,11233560.969999999,1236841.8299999998,12470402.799999999,211,26,237,279,31,310,Apple iPhone V1,Electronics,Apple,57315.23,29,16621.42,40693.81,410,1.32,4.43,98
PROD001161,4.0,645715.62,101558.17,747273.79,158,25,183,198,31,229,Levis Jeans V1,Fashion,Levis,4460.26,26,1159.67,3300.59,406,3.55,4.49,84
PROD001162,5.0,1896725.19,150881.42,2047606.6099999999,176,13,189,216,17,233,Peter England Shirt V7,Fashion,Peter,11841.68,25,2960.42,8881.26,68,4.46,4.38,82
PROD001163,4.0,1459954.62,117261.18000000001,1577215.8,176,15,191,227,18,245,Nike Shoes V8,Fashion,Nike,7664.13,15,1149.62,6514.51,652,1.99,4.43,83
PROD001164,4.0,477693.13,67107.08,544800.21,147,21,168,186,26,212,Titan Watch V9,Fashion,Titan,4816.76,46,2215.71,2601.05,918,0.72,4.56,81
PROD001165,4.0,648802.48,86536.36,735338.84,146,18,164,182,25,207,Puma T-shirt V6,Fashion,Puma,7189.73,50,3594.86,3594.87,568,0.7,4.31,80
PROD001166,4.0,3484806.37,299470.71,3784277.08,103,10,113,127,11,138,IKEA Chair V5,Home,IKEA,40777.6,32,13048.83,27728.77,877,2.51,4.43,51
PROD001167,5.0,2810789.3200000003,127542.20000000001,2938331.5200000005,106,4,110,149,7,156,Prestige Cooker V6,Home,Prestige,31206.8,39,12170.65,19036.15,538,4.75,4.29,63
PROD001168,4.0,2047494.12,182213.35,2229707.47,108,11,119,135,12,147,Philips Mixer V6,Home,Philips,27357.95,44,12037.5,15320.45,171,3.12,4.25,59
PROD001169,4.0,3672043.52,342045.6,4014089.12,109,9,118,141,13,154,Godrej Almirah V3,Home,Godrej,29234.67,10,2923.47,26311.2,860,4.48,4.45,56
PROD001170,5.0,2914231.02,209124.24,3123355.26,99,8,107,125,9,134,Urban Ladder Sofa V2,Home,Urban,39189.93,40,15675.97,23513.96,168,4.6,4.29,52
PROD001171,4.0,196890.1,32958.0,229848.1,53,9,62,61,10,71,Lakme Lipstick V6,Beauty,Lakme,3811.27,13,495.47,3315.8,896,4.94,4.21,24
PROD001172,4.0,110556.34000000001,15271.12,125827.46,46,7,53,58,8,66,Mamaearth Facewash V1,Beauty,Mamaearth,3002.17,36,1080.78,1921.39,178,3.72,4.41,34
PROD001173,4.0,83023.75,6909.099999999999,89932.85,48,5,53,61,5,66,Nivea Cream V10,Beauty,Nivea,1645.02,16,263.2,1381.82,551,0.26,4.35,31
PROD001174,4.0,20411.579999999998,3111.0099999999998,23522.589999999997,34,4,38,39,6,45,Dove Soap V9,Beauty,Dove,676.01,22,148.72,527.29,561,1.44,4.38,16
PROD001175,4.0,89487.25,8818.26,98305.51,46,5,51,60,6,66,Plum Serum V6,Beauty,Plum,2699.23,44,1187.66,1511.57,678,3.48,4.48,25
PROD001176,4.0,2015514.5,237881.22,2253395.72,95,14,109,120,14,134,Nike T-shirt V7,Sports,Nike,24640.91,31,7638.68,17002.23,155,0.28,4.44,52
PROD001177,4.0,690205.2,61354.91,751560.11,82,7,89,100,9,109,Puma Shoes V5,Sports,Puma,13955.65,50,6977.82,6977.83,895,4.42,4.45,42
PROD001178,5.0,240043.73,31019.879999999997,271063.61,85,10,95,101,13,114,Decathlon Cycle V2,Sports,Decathlon,3265.23,26,848.96,2416.27,796,3.13,4.31,48
PROD001179,4.0,2431779.0,187109.92,2618888.92,81,6,87,105,8,113,Yoga Mat V3,Sports,Yoga,28522.85,18,5134.11,23388.74,480,4.54,4.33,43
PROD001180,4.0,980260.61,127268.48,1107529.09,94,11,105,124,16,140,Dumbbells V2,Sports,Dumbbells,8475.3,6,508.52,7966.78,234,3.41,4.32,47
PROD001181,5.0,32651.6,4889.68,37541.28,64,10,74,78,12,90,Fiction Novel V7,Books,Fiction,542.2,30,162.66,379.54,981,4.17,4.34,35
PROD001182,4.0,52460.29,5730.84,58191.130000000005,44,5,49,56,6,62,NCERT Book V4,Books,NCERT,1326.58,28,371.44,955.14,662,4.62,4.39,23
PROD001183,4.0,50645.04,9810.76,60455.8,55,9,64,61,12,73,Comics V3,Books,Comics,1025.9,18,184.66,841.24,10,2.1,4.21,29
PROD001184,4.0,21389.46,1392.13,22781.59,70,3,73,82,6,88,Notebook V7,Books,Notebook,261.04,20,52.21,208.83,798,4.62,4.44,36
PROD001185,4.0,8891.73,1414.0,10305.73,63,9,72,78,11,89,Stationery Set V9,Books,Stationery,106.28,37,39.32,66.96,115,1.82,4.42,31
PROD001186,4.0,217881.74000000002,13593.68,231475.42,114,8,122,145,9,154,Aashirvaad Atta V9,Grocery,Aashirvaad,2151.24,29,623.86,1527.38,284,4.43,4.24,63
PROD001187,4.0,224369.71,46197.82,270567.52999999997,99,19,118,116,24,140,Fortune Oil V5,Grocery,Fortune,2873.07,32,919.38,1953.69,728,4.95,4.45,47
PROD001188,4.0,210286.56999999998,21689.32,231975.88999999998,108,10,118,125,13,138,Lays Chips V6,Grocery,Lays,2475.1,31,767.28,1707.82,455,3.26,4.42,52
PROD001189,4.0,189678.96,26525.4,216204.36,110,15,125,144,20,164,Nescafe Coffee V3,Grocery,Nescafe,1434.16,7,100.39,1333.77,576,3.39,4.33,60
PROD001190,4.0,21866.22,3424.71,25290.93,109,16,125,125,19,144,Haldiram Snacks V5,Grocery,Haldiram,202.58,40,81.03,121.55,996,3.08,4.29,48
PROD001191,4.0,16780476.73,1386785.8,18167262.53,199,18,217,256,21,277,Samsung Mobile V1,Electronics,Samsung,130109.37,49,63753.59,66355.78,203,3.51,4.49,105
PROD001192,3.0,11958832.57,1506220.77,13465053.34,181,24,205,229,29,258,HP Laptop V5,Electronics,HP,63453.99,17,10787.18,52666.81,461,3.02,4.44,93
PROD001193,5.0,26321035.25,2588499.87,28909535.12,203,20,223,275,27,302,boAt Headphones V8,Electronics,boAt,134162.52,28,37565.51,96597.01,607,4.85,4.44,107
PROD001194,4.0,13606496.45,1441890.54,15048386.989999998,202,24,226,254,27,281,Noise Watch V10,Electronics,Noise,73262.07,26,19048.14,54213.93,173,3.45,4.35,103
PROD001195,4.0,4816747.399999999,568969.0499999999,5385716.449999999,198,22,220,247,29,276,Apple iPhone V10,Electronics,Apple,29499.33,33,9734.78,19764.55,697,0.34,4.34,93
PROD001196,4.0,1483217.25,137882.21,1621099.46,182,18,200,245,23,268,Levis Jeans V7,Fashion,Levis,9865.27,38,3748.8,6116.47,369,1.84,4.45,94
PROD001197,3.0,996067.5,108431.5,1104499.0,173,19,192,213,23,236,Peter England Shirt V10,Fashion,Peter,5570.59,15,835.59,4735.0,987,4.36,4.42,88
PROD001198,4.0,256112.16,32795.12,288907.28,149,21,170,195,25,220,Nike Shoes V6,Fashion,Nike,1469.45,9,132.25,1337.2,605,0.35,4.37,76
PROD001199,4.0,2372477.4699999997,307985.57,2680463.0399999996,149,16,165,175,23,198,Titan Watch V7,Fashion,Titan,14720.94,7,1030.47,13690.47,783,1.93,4.34,83
PROD001200,5.0,1725353.54,155800.99000000002,1881154.53,186,19,205,233,21,254,Puma T-shirt V8,Fashion,Puma,7938.05,6,476.28,7461.77,282,4.02,4.36,98
PROD001201,4.0,170521.14,6176.200000000001,176697.34000000003,105,5,110,138,5,143,IKEA Chair V3,Home,IKEA,2211.32,43,950.87,1260.45,591,1.51,4.38,50
PROD001202,4.0,3705937.5500000003,820347.63,4526285.180000001,104,22,126,133,29,162,Prestige Cooker V3,Home,Prestige,36277.53,22,7981.06,28296.47,499,4.22,4.48,65
PROD001203,5.0,1195365.75,128506.35,1323872.1,114,13,127,141,15,156,Philips Mixer V4,Home,Philips,12416.07,31,3848.98,8567.09,871,4.14,4.52,60
PROD001204,4.0,4139747.14,521622.18,4661369.32,86,14,100,110,14,124,Godrej Almirah V10,Home,Godrej,42321.35,10,4232.14,38089.21,454,4.26,4.34,53
PROD001205,4.0,2563606.0100000002,409788.31,2973394.3200000003,94,14,108,125,20,145,Urban Ladder Sofa V1,Home,Urban,25199.06,17,4283.84,20915.22,904,0.61,4.38,52
PROD001206,4.0,269679.51,25827.66,295507.17,49,3,52,63,6,69,Lakme Lipstick V10,Beauty,Lakme,4579.37,6,274.76,4304.61,919,3.86,4.32,28
PROD001207,5.0,40936.85,5756.799999999999,46693.649999999994,55,9,64,70,10,80,Mamaearth Facewash V1,Beauty,Mamaearth,800.91,25,200.23,600.68,584,4.15,4.54,37
PROD001208,5.0,201704.1,30887.0,232591.1,50,6,56,59,9,68,Nivea Cream V7,Beauty,Nivea,4781.95,28,1338.95,3443.0,497,3.06,4.61,28
PROD001209,4.0,39790.6,2754.15,42544.75,59,5,64,70,5,75,Dove Soap V3,Beauty,Dove,693.43,16,110.95,582.48,734,3.55,4.36,33
PROD001210,4.0,218907.89,35235.01,254142.90000000002,58,9,67,68,11,79,Plum Serum V4,Beauty,Plum,4481.86,27,1210.1,3271.76,214,2.04,4.52,31
PROD001211,4.0,2127005.7800000003,405989.7,2532995.4800000004,86,14,100,98,19,117,Nike T-shirt V8,Sports,Nike,31366.0,30,9409.8,21956.2,902,3.51,4.36,47
PROD001212,5.0,2249937.29,238783.80000000002,2488721.09,93,10,103,114,12,126,Puma Shoes V4,Sports,Puma,27258.43,27,7359.78,19898.65,33,2.62,4.35,52
PROD001213,4.0,1898001.0,346850.62,2244851.62,89,16,105,104,19,123,Decathlon Cycle V9,Sports,Decathlon,27961.85,34,9507.03,18454.82,635,2.08,4.24,45
PROD001214,5.0,1110926.0899999999,152763.34999999998,1263689.44,85,12,97,110,15,125,Yoga Mat V10,Sports,Yoga,14769.41,31,4578.52,10190.89,48,1.94,4.55,47
PROD001215,4.0,2650117.39,392239.29,3042356.68,83,14,97,107,16,123,Dumbbells V1,Sports,Dumbbells,28254.78,11,3108.03,25146.75,623,3.35,4.37,41
PROD001216,4.0,14479.96,950.08,15430.039999999999,67,5,72,82,5,87,Fiction Novel V2,Books,Fiction,229.18,45,103.13,126.05,203,4.77,4.08,37
PROD001217,5.0,88182.86,13501.83,101684.69,57,9,66,72,11,83,NCERT Book V6,Books,NCERT,1845.57,33,609.04,1236.53,823,2.39,4.42,31
PROD001218,4.0,80386.23000000001,6033.200000000001,86419.43000000001,58,3,61,68,5,73,Comics V5,Books,Comics,1946.19,38,739.55,1206.64,669,2.29,4.39,36
PROD001219,4.0,55713.97,6509.9,62223.87,66,9,75,94,11,105,Notebook V5,Books,Notebook,667.67,10,66.77,600.9,950,0.21,4.3,37
PROD001220,4.0,49056.07,3853.29,52909.36,68,6,74,88,7,95,Stationery Set V8,Books,Stationery,666.66,15,100.0,566.66,450,0.7,4.47,30
PROD001221,5.0,101367.84,12936.29,114304.13,110,15,125,132,17,149,Aashirvaad Atta V10,Grocery,Aashirvaad,1284.6,39,500.99,783.61,936,2.62,4.42,43
PROD001222,5.0,57414.61,6869.92,64284.53,96,12,108,111,13,124,Fortune Oil V6,Grocery,Fortune,627.98,24,150.72,477.26,222,3.73,4.39,49
PROD001223,4.0,61535.96,4026.15,65562.11,109,8,117,137,9,146,Lays Chips V6,Grocery,Lays,668.43,38,254.0,414.43,302,4.52,4.36,64
PROD001224,4.0,146103.98,13509.04,159613.02000000002,106,9,115,120,11,131,Nescafe Coffee V6,Grocery,Nescafe,1926.0,36,693.36,1232.64,136,1.99,4.45,55
PROD001225,4.0,226261.0,28286.789999999997,254547.79,114,10,124,137,17,154,Haldiram Snacks V10,Grocery,Haldiram,1872.89,11,206.02,1666.87,800,3.37,4.26,61
PROD001226,4.0,6362535.59,541821.43,6904357.02,181,17,198,236,20,256,Samsung Mobile V3,Electronics,Samsung,34468.0,21,7238.28,27229.72,472,0.24,4.36,110
PROD001227,4.0,1631239.63,130038.51999999999,1761278.15,221,17,238,276,22,298,HP Laptop V9,Electronics,HP,7101.27,16,1136.2,5965.07,526,1.33,4.31,99
PROD001228,4.0,4135686.73,560144.03,4695830.76,203,28,231,258,35,293,boAt Headphones V6,Electronics,boAt,24095.4,33,7951.48,16143.92,60,3.88,4.41,109
PROD001229,5.0,6278919.5,873614.5,7152534.0,221,30,251,277,39,316,Noise Watch V10,Electronics,Noise,39336.2,42,16521.2,22815.0,857,4.09,4.36,113
PROD001230,4.0,5918654.220000001,692068.9800000001,6610723.200000001,187,21,208,233,27,260,Apple iPhone V9,Electronics,Apple,50270.08,49,24632.34,25637.74,997,3.1,4.39,87
PROD001231,5.0,423743.61,78672.02,502415.63,146,24,170,172,32,204,Levis Jeans V10,Fashion,Levis,2986.36,17,507.68,2478.68,480,2.57,4.35,71
PROD001232,4.0,1311310.32,181207.74,1492518.06,165,21,186,204,28,232,Peter England Shirt V6,Fashion,Peter,9188.26,29,2664.6,6523.66,186,0.29,4.39,85
PROD001233,5.0,2291830.79,361778.66000000003,2653609.45,165,25,190,195,31,226,Nike Shoes V6,Fashion,Nike,14969.75,21,3143.65,11826.1,483,1.22,4.38,90
PROD001234,4.0,494971.68,35759.81,530731.49,147,13,160,180,13,193,Titan Watch V3,Fashion,Titan,4483.59,38,1703.76,2779.83,575,0.69,4.35,71
PROD001235,4.0,134528.92,8843.05,143371.97,147,13,160,198,13,211,Puma T-shirt V2,Fashion,Puma,1216.24,43,522.98,693.26,756,0.45,4.45,77
PROD001236,4.0,1065734.9,139391.82,1205126.72,78,11,89,91,12,103,IKEA Chair V3,Home,IKEA,23642.68,50,11821.34,11821.34,858,1.1,4.32,41
PROD001237,4.0,1253735.1900000002,162122.54,1415857.7300000002,109,15,124,140,18,158,Prestige Cooker V8,Home,Prestige,11726.01,23,2696.98,9029.03,818,0.86,4.4,62
PROD001238,4.0,2558667.52,389266.08999999997,2947933.61,97,16,113,124,19,143,Philips Mixer V7,Home,Philips,31552.11,34,10727.72,20824.39,31,0.57,4.33,57
PROD001239,4.0,3442507.37,264769.8,3707277.17,110,8,118,132,10,142,Godrej Almirah V3,Home,Godrej,33108.73,20,6621.75,26486.98,720,2.44,4.42,62
PROD001240,4.0,2820776.41,298847.86,3119624.27,89,10,99,113,12,125,Urban Ladder Sofa V6,Home,Urban,46900.16,46,21574.07,25326.09,557,1.05,4.29,51
PROD001241,4.0,103189.64,16064.170000000002,119253.81,59,10,69,78,12,90,Lakme Lipstick V10,Beauty,Lakme,1849.22,27,499.29,1349.93,16,0.63,4.14,29
PROD001242,4.0,104980.20999999999,14100.529999999999,119080.73999999999,36,6,42,44,6,50,Mamaearth Facewash V9,Beauty,Mamaearth,2798.69,14,391.82,2406.87,652,1.29,4.44,18
PROD001243,4.0,178649.85,22484.16,201134.01,54,6,60,64,8,72,Nivea Cream V6,Beauty,Nivea,4899.6,42,2057.83,2841.77,911,3.51,4.48,31
PROD001244,4.0,170530.14,17900.800000000003,188430.94,46,5,51,58,6,64,Dove Soap V2,Beauty,Dove,4399.7,32,1407.9,2991.8,457,2.8,4.38,21
PROD001245,5.0,139246.26,15915.19,155161.45,48,4,52,61,7,68,Plum Serum V1,Beauty,Plum,4193.73,45,1887.18,2306.55,151,4.62,4.6,30
PROD001246,4.0,2986991.33,268165.36,3255156.69,87,7,94,111,10,121,Nike T-shirt V9,Sports,Nike,31496.99,14,4409.58,27087.41,712,2.35,4.49,43
PROD001247,5.0,451382.99,57144.0,508526.99,92,12,104,110,14,124,Puma Shoes V4,Sports,Puma,4989.0,17,848.13,4140.87,639,2.79,4.53,51
PROD001248,4.0,2001112.31,235806.71000000002,2236919.02,92,10,102,119,14,133,Decathlon Cycle V2,Sports,Decathlon,19077.42,11,2098.52,16978.9,850,1.39,4.3,53
PROD001249,4.0,2697566.05,310992.87,3008558.92,91,10,101,113,13,126,Yoga Mat V6,Sports,Yoga,28366.88,15,4255.03,24111.85,20,2.55,4.33,54
PROD001250,4.0,1509364.23,124273.44,1633637.67,102,7,109,131,11,142,Dumbbells V2,Sports,Dumbbells,15485.79,25,3871.45,11614.34,637,2.29,4.21,48
PROD001251,5.0,57506.16,2820.44,60326.600000000006,66,4,70,75,4,79,Fiction Novel V3,Books,Fiction,1368.61,43,588.5,780.11,377,3.2,4.28,36
PROD001252,5.0,39445.13,4905.88,44351.009999999995,68,9,77,84,10,94,NCERT Book V1,Books,NCERT,754.12,42,316.73,437.39,857,4.75,4.46,35
PROD001253,5.0,29180.17,2298.19,31478.359999999997,70,6,76,83,6,89,Comics V1,Books,Comics,505.94,38,192.26,313.68,362,2.67,4.54,35
PROD001254,4.0,60221.93,8387.35,68609.28,61,8,69,77,11,88,Notebook V1,Books,Notebook,1344.43,41,551.22,793.21,913,3.89,4.47,30
PROD001255,5.0,36072.59,6548.75,42621.34,58,10,68,74,13,87,Stationery Set V9,Books,Stationery,987.75,49,484.0,503.75,106,3.22,4.41,27
PROD001256,4.0,158058.33,11898.17,169956.5,109,8,117,146,11,157,Aashirvaad Atta V7,Grocery,Aashirvaad,2076.89,47,976.14,1100.75,675,3.07,4.42,59
PROD001257,5.0,22914.07,3111.22,26025.29,118,15,133,148,20,168,Fortune Oil V1,Grocery,Fortune,183.46,42,77.05,106.41,334,0.45,4.32,69
PROD001258,4.0,227710.93,21256.8,248967.72999999998,102,10,112,127,12,139,Lays Chips V2,Grocery,Lays,2558.9,29,742.08,1816.82,511,1.76,4.53,60
PROD001259,4.0,185810.98,19334.4,205145.38,110,13,123,134,14,148,Nescafe Coffee V9,Grocery,Nescafe,2075.39,32,664.12,1411.27,101,1.26,4.35,62
PROD001260,5.0,166246.86000000002,31822.350000000002,198069.21000000002,86,16,102,110,21,131,Haldiram Snacks V10,Grocery,Haldiram,1915.21,20,383.04,1532.17,898,3.24,4.52,46
PROD001261,4.0,12083006.889999999,1402121.49,13485128.379999999,226,24,250,285,33,318,Samsung Mobile V6,Electronics,Samsung,73936.07,42,31053.15,42882.92,745,2.31,4.39,112
PROD001262,3.0,17037751.09,1243605.4300000002,18281356.52,224,20,244,288,21,309,HP Laptop V4,Electronics,HP,79740.74,25,19935.19,59805.55,238,4.67,4.25,106
PROD001263,3.0,20406102.88,3399360.08,23805462.96,206,30,236,242,40,282,boAt Headphones V4,Electronics,boAt,102920.03,17,17496.41,85423.62,827,0.77,4.36,111
PROD001264,4.0,27563366.96,2600525.18,30163892.14,213,21,234,273,26,299,Noise Watch V1,Electronics,Noise,137812.67,26,35831.29,101981.38,737,3.64,4.44,112
PROD001265,4.0,3649413.6100000003,448014.68,4097428.2900000005,206,23,229,258,32,290,Apple iPhone V8,Electronics,Apple,19489.66,27,5262.21,14227.45,219,1.35,4.37,109
PROD001266,4.0,483737.54,55310.22,539047.76,159,19,178,202,23,225,Levis Jeans V10,Fashion,Levis,3570.71,32,1142.63,2428.08,917,2.46,4.42,85
PROD001267,4.0,1377806.4000000001,184971.13,1562777.5300000003,167,20,187,212,29,241,Peter England Shirt V4,Fashion,Peter,9370.37,30,2811.11,6559.26,209,2.22,4.45,95
PROD001268,5.0,1522012.32,101710.68000000001,1623723.0,173,14,187,225,15,240,Nike Shoes V8,Fashion,Nike,8640.79,21,1814.57,6826.22,241,2.49,4.43,84
PROD001269,4.0,2182754.7800000003,243767.44000000003,2426522.22,157,22,179,205,23,228,Titan Watch V10,Fashion,Titan,12358.47,13,1606.6,10751.87,328,4.64,4.37,83
PROD001270,4.0,316376.52999999997,26779.76,343156.29,177,14,191,215,18,233,Puma T-shirt V3,Fashion,Puma,2297.42,35,804.1,1493.32,633,2.6,4.49,88
PROD001271,5.0,3227504.7600000002,324353.27,3551858.0300000003,106,11,117,138,14,152,IKEA Chair V2,Home,IKEA,26024.97,9,2342.25,23682.72,656,4.71,4.42,60
PROD001272,5.0,3580231.21,255925.56,3836156.77,125,10,135,156,11,167,Prestige Cooker V4,Home,Prestige,46531.93,50,23265.97,23265.96,954,2.8,4.45,67
PROD001273,4.0,946230.74,88155.73999999999,1034386.48,100,10,110,138,13,151,Philips Mixer V9,Home,Philips,8839.72,22,1944.74,6894.98,915,2.0,4.23,62
PROD001274,4.0,3062225.3,304181.91,3366407.21,114,11,125,150,15,165,Godrej Almirah V8,Home,Godrej,23096.87,11,2540.66,20556.21,780,0.78,4.45,60
PROD001275,5.0,2376951.69,243013.37,2619965.06,87,10,97,108,11,119,Urban Ladder Sofa V4,Home,Urban,25996.08,15,3899.41,22096.67,629,2.61,4.33,49
PROD001276,5.0,91352.12,5909.96,97262.08,54,4,58,63,4,67,Lakme Lipstick V1,Beauty,Lakme,2547.39,42,1069.9,1477.49,506,2.86,4.48,25
PROD001277,5.0,114151.26999999999,18023.879999999997,132175.15,56,9,65,71,11,82,Mamaearth Facewash V7,Beauty,Mamaearth,1933.04,15,289.96,1643.08,704,4.73,4.58,31
PROD001278,4.0,94890.68,2962.56,97853.23999999999,59,2,61,65,2,67,Nivea Cream V4,Beauty,Nivea,2428.32,39,947.04,1481.28,151,2.65,4.39,36
PROD001279,4.0,206914.36000000002,36849.8,243764.16000000003,53,8,61,57,10,67,Dove Soap V1,Beauty,Dove,4785.69,23,1100.71,3684.98,703,0.77,4.34,35
PROD001280,5.0,53048.18,5786.29,58834.47,53,6,59,73,8,81,Plum Serum V8,Beauty,Plum,1049.43,29,304.33,745.1,823,2.92,4.48,33
PROD001281,3.0,1906026.3599999999,262550.05,2168576.4099999997,85,13,98,110,15,125,Nike T-shirt V2,Sports,Nike,31830.31,45,14323.64,17506.67,873,3.52,4.41,46
PROD001282,5.0,1932612.94,136658.16,2069271.0999999999,97,6,103,114,8,122,Puma Shoes V7,Sports,Puma,25882.22,34,8799.95,17082.27,492,3.54,4.42,50
PROD001283,3.0,2946873.02,302552.17,3249425.19,91,9,100,105,11,116,Decathlon Cycle V10,Sports,Decathlon,31781.18,11,3495.93,28285.25,875,2.87,4.37,54
PROD001284,4.0,1114073.8699999999,210955.02,1325028.89,96,14,110,122,23,145,Yoga Mat V3,Sports,Yoga,11242.15,18,2023.59,9218.56,833,3.21,4.49,47
PROD001285,4.0,2862179.98,404330.02,3266510.0,115,17,132,147,21,168,Dumbbells V2,Sports,Dumbbells,23377.83,16,3740.45,19637.38,320,2.87,4.61,62
PROD001286,4.0,48360.08,10002.25,58362.33,51,10,61,63,13,76,Fiction Novel V3,Books,Fiction,1350.2,42,567.08,783.12,904,1.97,4.4,30
PROD001287,5.0,62356.32,8662.939999999999,71019.26,55,7,62,65,9,74,NCERT Book V3,Books,NCERT,1264.49,23,290.83,973.66,939,1.09,4.23,31
PROD001288,4.0,102128.06999999999,8935.6,111063.67,61,7,68,79,7,86,Comics V7,Books,Comics,1684.69,22,370.63,1314.06,739,4.09,4.26,35
PROD001289,4.0,105690.76,9853.06,115543.81999999999,61,6,67,76,7,83,Notebook V9,Books,Notebook,1982.5,29,574.92,1407.58,872,3.8,4.22,32
PROD001290,4.0,21231.23,324.47,21555.7,60,1,61,69,1,70,Stationery Set V9,Books,Stationery,297.62,12,35.71,261.91,126,2.36,4.33,33
PROD001291,5.0,194011.94,19987.44,213999.38,98,10,108,117,12,129,Aashirvaad Atta V3,Grocery,Aashirvaad,1844.09,9,165.97,1678.12,589,3.58,4.58,45
PROD001292,4.0,200383.52,23178.44,223561.96,103,13,116,131,15,146,Fortune Oil V1,Grocery,Fortune,1767.73,12,212.13,1555.6,352,1.54,4.45,56
PROD001293,4.0,120382.6,7761.150000000001,128143.75,111,8,119,142,9,151,Lays Chips V2,Grocery,Lays,1437.25,40,574.9,862.35,179,3.82,4.34,53
PROD001294,4.0,38365.91,3302.54,41668.450000000004,107,9,116,140,13,153,Nescafe Coffee V10,Grocery,Nescafe,425.93,46,195.93,230.0,980,0.75,4.37,60
PROD001295,5.0,220447.25999999998,25223.42,245670.68,101,12,113,122,14,136,Haldiram Snacks V1,Grocery,Haldiram,2545.3,28,712.68,1832.62,218,1.77,4.38,65
PROD001296,4.0,15410505.59,2628390.6,18038896.19,201,32,233,247,42,289,Samsung Mobile V6,Electronics,Samsung,91580.98,31,28390.1,63190.88,661,1.53,4.3,94
PROD001297,4.0,19060325.18,1536448.28,20596773.46,240,21,261,297,24,321,HP Laptop V4,Electronics,HP,75702.02,14,10598.28,65103.74,510,1.09,4.41,116
PROD001298,4.0,29938877.04,3999245.83,33938122.87,223,28,251,274,37,311,boAt Headphones V8,Electronics,boAt,124138.55,11,13655.24,110483.31,979,3.74,4.36,116
PROD001299,4.0,12318402.45,1386976.32,13705378.77,211,25,236,257,29,286,Noise Watch V9,Electronics,Noise,57540.08,16,9206.41,48333.67,94,4.46,4.41,112
PROD001300,4.0,4409626.18,427845.32,4837471.5,211,22,233,277,27,304,Apple iPhone V4,Electronics,Apple,17679.31,9,1591.14,16088.17,566,3.12,4.36,117
PROD001301,4.0,639443.4400000001,95893.24,735336.68,138,23,161,174,26,200,Levis Jeans V4,Fashion,Levis,4131.92,10,413.19,3718.73,149,1.71,4.46,79
PROD001302,5.0,823203.76,127719.84,950923.6,156,20,176,182,28,210,Peter England Shirt V5,Fashion,Peter,8616.56,47,4049.78,4566.78,231,3.88,4.51,82
PROD001303,4.0,840890.81,81933.16,922823.9700000001,167,15,182,195,19,214,Nike Shoes V5,Fashion,Nike,7365.55,41,3019.88,4345.67,207,1.29,4.4,99
PROD001304,5.0,1624279.28,198434.32,1822713.6,170,23,193,206,25,231,Titan Watch V3,Fashion,Titan,9613.6,17,1634.31,7979.29,941,1.29,4.38,96
PROD001305,5.0,547964.68,50620.58,598585.26,139,11,150,163,15,178,Puma T-shirt V4,Fashion,Puma,4928.56,31,1527.85,3400.71,857,4.75,4.51,72
PROD001306,3.0,444953.68,70040.62,514994.3,84,11,95,102,16,118,IKEA Chair V9,Home,IKEA,8704.47,49,4265.19,4439.28,71,4.55,4.42,40
PROD001307,4.0,3006868.0,140999.36000000002,3147867.36,104,6,110,129,6,135,Prestige Cooker V9,Home,Prestige,42757.39,45,19240.83,23516.56,288,4.65,4.4,55
PROD001308,5.0,4258979.42,800079.5599999999,5059058.9799999995,104,19,123,128,24,152,Philips Mixer V2,Home,Philips,35390.52,5,1769.53,33620.99,741,4.71,4.51,49
PROD001309,4.0,2156040.76,258592.97999999998,2414633.7399999998,94,13,107,118,14,132,Godrej Almirah V9,Home,Godrej,36956.14,50,18478.07,18478.07,149,3.46,4.28,54
PROD001310,4.0,2192339.57,226314.87999999998,2418654.4499999997,85,9,94,107,11,118,Urban Ladder Sofa V5,Home,Urban,31949.88,35,11182.46,20767.42,415,0.8,4.42,45
PROD001311,5.0,44229.17,9448.43,53677.6,58,11,69,74,16,90,Lakme Lipstick V7,Beauty,Lakme,750.66,20,150.13,600.53,51,3.35,4.54,35
PROD001312,4.0,249985.65,45814.799999999996,295800.45,47,8,55,55,10,65,Mamaearth Facewash V4,Beauty,Mamaearth,4833.14,5,241.66,4591.48,606,3.79,4.38,26
PROD001313,4.0,209044.7,23528.77,232573.47,64,9,73,80,9,89,Nivea Cream V2,Beauty,Nivea,4906.12,46,2256.82,2649.3,205,2.94,4.16,38
PROD001314,5.0,95517.5,8592.8,104110.3,46,5,51,56,5,61,Dove Soap V3,Beauty,Dove,3015.01,43,1296.45,1718.56,192,1.43,4.43,21
PROD001315,4.0,236374.36000000002,27870.4,264244.76,52,8,60,69,8,77,Plum Serum V7,Beauty,Plum,4780.89,27,1290.84,3490.05,163,3.26,4.3,23
PROD001316,4.0,173995.88,9993.76,183989.64,101,6,107,140,8,148,Nike T-shirt V3,Sports,Nike,1371.44,8,109.72,1261.72,85,3.48,4.38,52
PROD001317,4.0,891276.96,104919.44,996196.3999999999,93,11,104,109,13,122,Puma Shoes V3,Sports,Puma,11807.58,30,3542.27,8265.31,174,3.09,4.46,54
PROD001318,4.0,696740.4199999999,63211.04,759951.46,82,7,89,107,10,117,Decathlon Cycle V2,Sports,Decathlon,12443.2,47,5848.3,6594.9,712,0.91,4.41,49
PROD001319,4.0,1281845.6,232230.41,1514076.01,80,16,96,105,19,124,Yoga Mat V10,Sports,Yoga,23198.61,47,10903.35,12295.26,566,0.72,4.47,53
PROD001320,4.0,2415245.3899999997,350340.72,2765586.1099999994,91,12,103,111,16,127,Dumbbells V4,Sports,Dumbbells,27728.69,21,5823.02,21905.67,468,0.45,4.42,55
PROD001321,4.0,68397.24,4868.150000000001,73265.39,81,7,88,101,7,108,Fiction Novel V7,Books,Fiction,1390.91,50,695.46,695.45,117,3.63,4.31,39
PROD001322,4.0,90610.87000000001,13266.7,103877.57,53,10,63,69,10,79,NCERT Book V7,Books,NCERT,1713.68,22,377.01,1336.67,314,4.1,4.21,28
PROD001323,4.0,103101.38,5182.42,108283.8,72,5,77,96,5,101,Comics V1,Books,Comics,1674.23,35,585.98,1088.25,74,3.55,4.35,34
PROD001324,4.0,45783.02,6966.54,52749.56,60,7,67,84,13,97,Notebook V9,Books,Notebook,1023.89,46,470.99,552.9,132,0.23,4.39,31
PROD001325,4.0,108042.04,11480.64,119522.68,60,8,68,76,8,84,Stationery Set V3,Books,Stationery,1594.53,10,159.45,1435.08,685,0.22,4.39,33
PROD001326,5.0,148085.38,7825.42,155910.80000000002,122,7,129,150,8,158,Aashirvaad Atta V8,Grocery,Aashirvaad,1238.59,19,235.33,1003.26,945,4.34,4.44,62
PROD001327,5.0,37166.81,4825.63,41992.439999999995,105,14,119,127,16,143,Fortune Oil V8,Grocery,Fortune,299.5,16,47.92,251.58,132,0.34,4.45,56
PROD001328,4.0,71980.83,6994.97,78975.8,94,11,105,114,11,125,Lays Chips V1,Grocery,Lays,812.33,21,170.59,641.74,247,4.09,4.47,49
PROD001329,4.0,53212.02,7797.47,61009.49,113,15,128,145,22,167,Nescafe Coffee V4,Grocery,Nescafe,423.46,22,93.16,330.3,131,0.66,4.32,62
PROD001330,5.0,41027.05,4730.22,45757.270000000004,100,11,111,123,14,137,Haldiram Snacks V7,Grocery,Haldiram,416.19,29,120.7,295.49,540,3.82,4.46,63
PROD001331,4.0,20481893.16,2272133.08,22754026.240000002,195,25,220,254,28,282,Samsung Mobile V3,Electronics,Samsung,138540.0,41,56801.4,81738.6,973,3.28,4.49,105
PROD001332,4.0,19353933.76,2238915.29,21592849.05,201,18,219,244,28,272,HP Laptop V1,Electronics,HP,106997.14,25,26749.28,80247.86,450,0.64,4.41,105
PROD001333,3.0,1123819.55,142146.85,1265966.4000000001,214,27,241,263,33,296,boAt Headphones V9,Electronics,boAt,8337.05,48,4001.78,4335.27,560,3.84,4.31,127
PROD001334,4.0,8536206.549999999,994368.84,9530575.389999999,199,22,221,243,28,271,Noise Watch V7,Electronics,Noise,47374.7,25,11843.67,35531.03,897,0.74,4.4,110
PROD001335,4.0,6260834.9799999995,623906.38,6884741.359999999,206,25,231,262,26,288,Apple iPhone V7,Electronics,Apple,39656.02,39,15465.85,24190.17,165,2.39,4.43,122
PROD001336,4.0,1819356.65,150327.45,1969684.0999999999,152,14,166,192,16,208,Levis Jeans V2,Fashion,Levis,12296.05,22,2705.13,9590.92,503,1.63,4.39,79
PROD001337,5.0,1294347.0799999998,120505.12,1414852.1999999997,146,14,160,171,16,187,Peter England Shirt V2,Fashion,Peter,8984.0,15,1347.6,7636.4,838,4.86,4.5,74
PROD001338,5.0,1601457.51,166147.13999999998,1767604.65,154,17,171,193,20,213,Nike Shoes V9,Fashion,Nike,12721.69,34,4325.37,8396.32,298,3.91,4.53,78
PROD001339,4.0,92465.99,13228.24,105694.23000000001,160,24,184,212,30,242,Titan Watch V2,Fashion,Titan,621.15,35,217.4,403.75,579,2.44,4.27,83
PROD001340,4.0,1119905.07,109939.59999999999,1229844.6700000002,160,18,178,203,20,223,Puma T-shirt V1,Fashion,Puma,6943.79,20,1388.76,5555.03,869,2.79,4.48,87
PROD001341,4.0,2720562.87,229150.56,2949713.43,109,9,118,144,12,156,IKEA Chair V9,Home,IKEA,29837.31,36,10741.43,19095.88,799,3.76,4.44,55
PROD001342,4.0,2307082.88,385838.36,2692921.2399999998,104,16,120,132,22,154,Prestige Cooker V6,Home,Prestige,24134.51,27,6516.32,17618.19,824,4.47,4.35,54
PROD001343,4.0,2579727.11,396973.41,2976700.52,105,18,123,137,21,158,Philips Mixer V3,Home,Philips,27659.79,31,8574.53,19085.26,979,0.4,4.44,57
PROD001344,5.0,3290766.58,311827.3,3602593.88,109,11,120,126,12,138,Godrej Almirah V6,Home,Godrej,35279.92,25,8819.98,26459.94,510,0.6,4.31,54
PROD001345,4.0,2536777.5799999996,135334.8,2672112.3799999994,126,7,133,152,8,160,Urban Ladder Sofa V7,Home,Urban,25631.59,34,8714.74,16916.85,355,4.46,4.5,62
PROD001346,5.0,195027.77000000002,28293.0,223320.77000000002,61,8,69,70,10,80,Lakme Lipstick V7,Beauty,Lakme,4812.38,41,1973.08,2839.3,971,3.03,4.55,33
PROD001347,4.0,80503.91,10207.94,90711.85,57,7,64,76,10,86,Mamaearth Facewash V10,Beauty,Mamaearth,1279.19,16,204.67,1074.52,451,4.72,4.28,29
PROD001348,4.0,235385.88,26085.230000000003,261471.11000000002,57,5,62,71,8,79,Nivea Cream V8,Beauty,Nivea,4128.72,19,784.46,3344.26,705,2.08,4.37,30
PROD001349,4.0,223460.44999999998,29641.97,253102.41999999998,62,7,69,73,10,83,Dove Soap V3,Beauty,Dove,4774.36,35,1671.03,3103.33,323,1.43,4.61,28
PROD001350,4.0,19542.35,969.5799999999999,20511.93,57,3,60,67,3,70,Plum Serum V5,Beauty,Plum,267.33,5,13.37,253.96,629,2.86,4.48,29
PROD001351,5.0,1294557.5799999998,167171.38999999998,1461728.9699999997,98,12,110,132,17,149,Nike T-shirt V2,Sports,Nike,19522.81,49,9566.18,9956.63,32,3.58,4.51,43
PROD001352,4.0,1866776.94,206718.38,2073495.3199999998,94,12,106,117,13,130,Puma Shoes V9,Sports,Puma,19942.94,19,3789.16,16153.78,481,4.69,4.48,52
PROD001353,4.0,823502.77,97429.90000000001,920932.67,93,11,104,111,13,124,Decathlon Cycle V7,Sports,Decathlon,8244.29,9,741.99,7502.3,377,0.23,4.45,56
PROD001354,5.0,967452.3699999999,51002.759999999995,1018455.1299999999,93,6,99,115,6,121,Yoga Mat V6,Sports,Yoga,11333.95,25,2833.49,8500.46,185,1.7,4.51,51
PROD001355,4.0,716230.88,71233.2,787464.08,98,8,106,122,12,134,Dumbbells V1,Sports,Dumbbells,7420.12,20,1484.02,5936.1,916,4.98,4.33,46
PROD001356,5.0,96194.58,14218.810000000001,110413.39,64,8,72,85,13,98,Fiction Novel V3,Books,Fiction,1555.01,26,404.3,1150.71,151,3.14,4.52,27
PROD001357,4.0,63606.74,4270.45,67877.19,62,4,66,76,5,81,NCERT Book V3,Books,NCERT,1313.98,35,459.89,854.09,575,0.38,4.15,33
PROD001358,5.0,52907.46,2528.18,55435.64,67,4,71,81,4,85,Comics V8,Books,Comics,864.04,23,198.73,665.31,674,3.21,4.24,34
PROD001359,4.0,20402.81,2845.07,23247.88,57,8,65,70,10,80,Notebook V3,Books,Notebook,272.32,5,13.62,258.7,961,1.08,4.5,34
PROD001360,4.0,49164.15,5906.04,55070.19,66,9,75,84,10,94,Stationery Set V10,Books,Stationery,675.98,11,74.36,601.62,446,1.23,4.38,34
PROD001361,5.0,67035.6,8221.36,75256.96,95,14,109,129,15,144,Aashirvaad Atta V1,Grocery,Aashirvaad,949.69,48,455.85,493.84,94,1.17,4.43,46
PROD001362,4.0,76878.84,10814.3,87693.14,86,14,100,106,15,121,Fortune Oil V1,Grocery,Fortune,1010.44,27,272.82,737.62,996,1.17,4.41,41
PROD001363,4.0,97279.34,16953.21,114232.54999999999,108,14,122,134,23,157,Lays Chips V4,Grocery,Lays,947.78,22,208.51,739.27,631,4.72,4.2,70
PROD001364,5.0,139046.54,17256.96,156303.5,104,9,113,129,16,145,Nescafe Coffee V6,Grocery,Nescafe,1948.32,44,857.26,1091.06,639,0.63,4.55,62
PROD001365,4.0,192455.09000000003,15893.320000000002,208348.41000000003,114,10,124,144,12,156,Haldiram Snacks V5,Grocery,Haldiram,1733.82,22,381.44,1352.38,846,0.47,4.35,54
PROD001366,5.0,34449841.28,4057540.64,38507381.92,215,22,237,272,32,304,Samsung Mobile V4,Electronics,Samsung,134312.83,5,6715.64,127597.19,702,1.75,4.49,113
PROD001367,5.0,15592165.799999999,1963768.8599999999,17555934.66,200,26,226,255,32,287,HP Laptop V3,Electronics,HP,69387.99,11,7632.68,61755.31,560,2.76,4.51,96
PROD001368,4.0,15732318.16,1911611.17,17643929.33,217,26,243,289,35,324,boAt Headphones V8,Electronics,boAt,79842.17,31,24751.07,55091.1,349,0.92,4.47,120
PROD001369,4.0,23964014.34,2555282.08,26519296.42,222,24,246,266,28,294,Noise Watch V3,Electronics,Noise,126752.59,28,35490.73,91261.86,651,2.68,4.28,122
PROD001370,4.0,6925442.84,499357.51,7424800.35,225,19,244,279,20,299,Apple iPhone V2,Electronics,Apple,32180.61,22,7079.73,25100.88,770,4.1,4.36,121
PROD001371,4.0,1452602.89,188054.19,1640657.0799999998,174,22,196,209,27,236,Levis Jeans V3,Fashion,Levis,13253.61,47,6229.2,7024.41,602,4.87,4.42,92
PROD001372,3.0,300844.27999999997,35040.52,335884.8,154,17,171,190,22,212,Peter England Shirt V10,Fashion,Peter,2766.54,42,1161.95,1604.59,590,0.87,4.39,83
PROD001373,4.0,1868781.14,266518.89,2135300.03,149,19,168,182,26,208,Nike Shoes V6,Fashion,Nike,13129.53,21,2757.2,10372.33,459,0.55,4.36,70
PROD001374,4.0,294215.08999999997,28303.66,322518.74999999994,156,16,172,192,19,211,Titan Watch V3,Fashion,Titan,1633.21,5,81.66,1551.55,556,4.85,4.42,79
PROD001375,5.0,864022.93,109517.48999999999,973540.42,137,16,153,183,23,206,Puma T-shirt V8,Fashion,Puma,7364.3,35,2577.51,4786.79,123,3.75,4.5,66
PROD001376,4.0,3309878.69,527546.0399999999,3837424.73,112,18,130,143,23,166,IKEA Chair V5,Home,IKEA,37656.73,38,14309.56,23347.17,393,2.67,4.44,62
PROD001377,5.0,1228932.86,113269.14000000001,1342202.0,118,11,129,150,14,164,Prestige Cooker V1,Home,Prestige,9735.43,15,1460.31,8275.12,79,4.86,4.41,66
PROD001378,4.0,1639230.8699999999,325791.88,1965022.75,87,16,103,117,23,140,Philips Mixer V6,Home,Philips,20247.94,30,6074.38,14173.56,272,4.28,4.46,46
PROD001379,4.0,1074598.3800000001,137757.64,1212356.02,94,10,104,122,16,138,Godrej Almirah V1,Home,Godrej,9660.42,8,772.83,8887.59,46,1.5,4.49,47
PROD001380,4.0,700370.78,57858.62,758229.4,110,11,121,135,11,146,Urban Ladder Sofa V6,Home,Urban,8491.0,38,3226.58,5264.42,508,4.4,4.42,45
PROD001381,4.0,101593.8,7927.200000000001,109521.0,49,4,53,65,5,70,Lakme Lipstick V1,Beauty,Lakme,2006.88,21,421.44,1585.44,659,2.51,4.19,31
PROD001382,5.0,159257.67,22708.390000000003,181966.06000000003,62,9,71,76,11,87,Mamaearth Facewash V2,Beauty,Mamaearth,2282.02,7,159.74,2122.28,465,2.91,4.4,35
PROD001383,4.0,30078.37,3159.56,33237.93,54,7,61,71,7,78,Nivea Cream V10,Beauty,Nivea,423.15,8,33.85,389.3,268,3.54,4.45,29
PROD001384,4.0,113014.92000000001,14011.12,127026.04000000001,42,6,48,66,8,74,Dove Soap V8,Beauty,Dove,2779.99,37,1028.6,1751.39,61,4.16,4.43,21
PROD001385,4.0,91812.94,13076.64,104889.58,54,4,58,64,9,73,Plum Serum V9,Beauty,Plum,1839.19,21,386.23,1452.96,843,4.83,4.46,28
PROD001386,4.0,2173266.71,107356.38,2280623.09,102,6,108,123,6,129,Nike T-shirt V4,Sports,Nike,25931.49,31,8038.76,17892.73,836,2.53,4.49,57
PROD001387,4.0,2129355.37,596594.15,2725949.52,82,22,104,97,28,125,Puma Shoes V8,Sports,Puma,25031.21,12,3003.75,22027.46,405,4.61,4.28,40
PROD001388,5.0,121870.51999999999,17970.62,139841.13999999998,88,13,101,114,17,131,Decathlon Cycle V8,Sports,Decathlon,1340.22,19,254.64,1085.58,545,4.54,4.45,51
PROD001389,5.0,1442877.67,93438.05,1536315.72,94,8,102,123,8,131,Yoga Mat V3,Sports,Yoga,18794.06,37,6953.8,11840.26,520,3.76,4.56,50
PROD001390,5.0,1365610.62,214019.4,1579630.02,83,13,96,105,17,122,Dumbbells V2,Sports,Dumbbells,17751.57,26,4615.41,13136.16,303,1.86,4.41,44
PROD001391,3.0,40845.94,7296.400000000001,48142.340000000004,54,11,65,68,12,80,Fiction Novel V2,Books,Fiction,746.59,18,134.39,612.2,961,2.23,4.34,29
PROD001392,4.0,97806.92,11500.039999999999,109306.95999999999,71,8,79,86,10,96,NCERT Book V3,Books,NCERT,1434.1,19,272.48,1161.62,686,1.93,4.29,42
PROD001393,5.0,49583.869999999995,6464.009999999999,56047.88,63,9,72,77,10,87,Comics V2,Books,Comics,919.62,29,266.69,652.93,107,4.48,4.67,36
PROD001394,4.0,51332.86,3343.12,54675.98,54,4,58,61,4,65,Notebook V3,Books,Notebook,1024.74,16,163.96,860.78,458,2.93,4.24,21
PROD001395,5.0,32699.93,2158.14,34858.07,67,5,72,81,5,86,Stationery Set V2,Books,Stationery,571.81,36,205.85,365.96,89,1.31,4.33,36
PROD001396,4.0,69905.95999999999,2462.0,72367.95999999999,107,5,112,134,5,139,Aashirvaad Atta V6,Grocery,Aashirvaad,560.42,5,28.02,532.4,47,3.87,4.38,53
PROD001397,5.0,86812.25,12681.869999999999,99494.12,116,13,129,139,20,159,Fortune Oil V10,Grocery,Fortune,741.02,14,103.74,637.28,554,2.64,4.57,54
PROD001398,4.0,49278.88,3472.34,52751.22,102,7,109,131,9,140,Lays Chips V9,Grocery,Lays,666.33,48,319.84,346.49,224,1.91,4.07,44
PROD001399,4.0,156151.51,13508.26,169659.77000000002,109,11,120,137,12,149,Nescafe Coffee V7,Grocery,Nescafe,1702.18,32,544.7,1157.48,888,2.21,4.53,59
PROD001400,5.0,246453.35,20442.95,266896.3,104,9,113,133,11,144,Haldiram Snacks V4,Grocery,Haldiram,2287.2,18,411.7,1875.5,889,2.91,4.43,60
PROD001401,5.0,3972819.5700000003,443909.78,4416729.350000001,198,22,220,242,27,269,Samsung Mobile V5,Electronics,Samsung,29695.68,44,13066.1,16629.58,384,2.42,4.43,104
PROD001402,4.0,1064547.0,103425.37999999999,1167972.38,193,19,212,247,24,271,HP Laptop V2,Electronics,HP,4795.54,9,431.6,4363.94,915,4.13,4.34,105
PROD001403,4.0,10270301.24,955538.9800000001,11225840.22,196,21,217,249,23,272,boAt Headphones V9,Electronics,boAt,70741.54,41,29004.03,41737.51,484,2.06,4.26,112
PROD001404,3.0,17752609.18,1044702.4199999999,18797311.6,220,16,236,290,17,307,Noise Watch V2,Electronics,Noise,106585.63,42,44765.96,61819.67,269,3.69,4.44,128
PROD001405,5.0,33851280.7,3781868.6,37633149.300000004,222,27,249,278,31,309,Apple iPhone V3,Electronics,Apple,144930.78,15,21739.62,123191.16,715,1.77,4.39,118
PROD001406,4.0,89738.53,9795.810000000001,99534.34,127,17,144,156,17,173,Levis Jeans V6,Fashion,Levis,1156.01,49,566.44,589.57,12,4.97,4.41,75
PROD001407,4.0,2307883.47,209044.16,2516927.6300000004,171,14,185,211,19,230,Peter England Shirt V5,Fashion,Peter,14634.25,24,3512.22,11122.03,160,2.0,4.47,83
PROD001408,5.0,1543733.5699999998,153056.96,1696790.5299999998,148,12,160,183,18,201,Nike Shoes V7,Fashion,Nike,12699.58,33,4190.86,8508.72,419,3.16,4.51,73
PROD001409,3.0,1345897.83,170761.93000000002,1516659.76,141,16,157,165,21,186,Titan Watch V9,Fashion,Titan,8786.2,6,527.17,8259.03,128,4.61,4.49,88
PROD001410,4.0,987785.1000000001,92480.05,1080265.1500000001,157,16,173,204,19,223,Puma T-shirt V3,Fashion,Puma,5692.76,14,796.99,4895.77,463,3.27,4.47,92
PROD001411,4.0,2513249.45,297184.74,2810434.1900000004,110,13,123,135,16,151,IKEA Chair V8,Home,IKEA,20451.62,8,1636.13,18815.49,236,4.01,4.48,56
PROD001412,5.0,744098.72,21638.8,765737.52,111,4,115,135,4,139,Prestige Cooker V2,Home,Prestige,7618.12,27,2056.89,5561.23,781,0.22,4.52,54
PROD001413,4.0,1064016.08,89930.95999999999,1153947.04,120,11,131,143,12,155,Philips Mixer V6,Home,Philips,13893.67,46,6391.09,7502.58,284,3.36,4.43,69
PROD001414,4.0,397978.28,43709.51,441687.79000000004,118,12,130,137,15,152,Godrej Almirah V5,Home,Godrej,5541.29,47,2604.41,2936.88,267,3.21,4.41,63
PROD001415,4.0,4414268.18,294825.92,4709094.1,96,7,103,121,8,129,Urban Ladder Sofa V9,Home,Urban,44401.5,17,7548.26,36853.24,730,1.11,4.47,51
PROD001416,5.0,220552.74,39640.69,260193.43,53,8,61,62,11,73,Lakme Lipstick V10,Beauty,Lakme,4691.94,23,1079.15,3612.79,836,3.29,4.27,26
PROD001417,4.0,184245.34,24208.600000000002,208453.94,60,8,68,77,10,87,Mamaearth Facewash V7,Beauty,Mamaearth,4586.53,47,2155.67,2430.86,55,1.73,4.36,36
PROD001418,5.0,126554.57,13667.85,140222.42,62,9,71,83,9,92,Nivea Cream V10,Beauty,Nivea,2090.47,26,543.52,1546.95,241,3.66,4.67,33
PROD001419,4.0,147390.43,25137.68,172528.11,42,6,48,47,8,55,Dove Soap V4,Beauty,Dove,3711.42,15,556.71,3154.71,97,4.2,4.4,20
PROD001420,4.0,268867.32,12077.01,280944.33,49,3,52,68,3,71,Plum Serum V9,Beauty,Plum,4574.62,12,548.95,4025.67,734,3.31,4.48,25
PROD001421,5.0,489090.32,33605.28,522695.6,100,7,107,132,9,141,Nike T-shirt V7,Sports,Nike,3972.26,6,238.34,3733.92,92,3.88,4.34,47
PROD001422,5.0,2634899.6999999997,239174.19999999998,2874073.9,85,8,93,111,10,121,Puma Shoes V8,Sports,Puma,26873.51,11,2956.09,23917.42,145,1.4,4.4,50
PROD001423,4.0,2113325.5,358276.15,2471601.65,80,12,92,99,17,116,Decathlon Cycle V4,Sports,Decathlon,30656.64,30,9196.99,21459.65,93,1.39,4.41,39
PROD001424,3.0,1146193.86,96193.8,1242387.6600000001,89,8,97,108,9,117,Yoga Mat V7,Sports,Yoga,12574.35,15,1886.15,10688.2,890,0.93,4.2,45
PROD001425,4.0,1259691.24,182127.81,1441819.05,83,10,93,104,15,119,Dumbbells V5,Sports,Dumbbells,20734.6,41,8501.19,12233.41,366,0.75,4.44,41
PROD001426,5.0,110840.84,13777.73,124618.56999999999,58,9,67,80,10,90,Fiction Novel V9,Books,Fiction,1569.37,11,172.63,1396.74,260,4.99,4.48,33
PROD001427,4.0,113523.76000000001,20866.9,134390.66,69,12,81,86,16,102,NCERT Book V5,Books,NCERT,1664.46,19,316.25,1348.21,348,3.73,4.4,35
PROD001428,4.0,20951.94,3417.52,24369.46,54,10,64,62,10,72,Comics V1,Books,Comics,549.34,47,258.19,291.15,638,2.31,4.43,35
PROD001429,4.0,105774.06000000001,9453.61,115227.67000000001,70,8,78,89,8,97,Notebook V8,Books,Notebook,1554.11,23,357.45,1196.66,982,4.41,4.28,39
PROD001430,5.0,72734.88,6617.8,79352.68000000001,60,6,66,78,7,85,Stationery Set V1,Books,Stationery,1277.57,26,332.17,945.4,362,4.13,4.47,32
PROD001431,5.0,25438.4,3905.74,29344.14,119,17,136,151,23,174,Aashirvaad Atta V1,Grocery,Aashirvaad,187.25,35,65.54,121.71,577,1.98,4.43,60
PROD001432,4.0,132240.47999999998,3521.62,135762.09999999998,120,4,124,147,4,151,Fortune Oil V8,Grocery,Fortune,1387.57,34,471.77,915.8,488,0.88,4.39,62
PROD001433,5.0,174983.1,24424.27,199407.37,104,14,118,123,17,140,Lays Chips V8,Grocery,Lays,1909.39,24,458.25,1451.14,272,1.12,4.64,59
PROD001434,5.0,89777.95,9331.23,99109.18,118,13,131,156,16,172,Nescafe Coffee V7,Grocery,Nescafe,889.2,34,302.33,586.87,767,2.58,4.4,63
PROD001435,4.0,64413.9,6675.47,71089.37,105,11,116,137,14,151,Haldiram Snacks V1,Grocery,Haldiram,673.99,35,235.9,438.09,975,0.64,4.43,60
PROD001436,4.0,6921906.42,740883.5499999999,7662789.97,220,23,243,280,30,310,Samsung Mobile V3,Electronics,Samsung,34287.47,27,9257.62,25029.85,970,4.01,4.33,120
PROD001437,4.0,17557535.61,1649355.96,19206891.57,210,19,229,257,24,281,HP Laptop V10,Electronics,HP,73426.78,6,4405.61,69021.17,81,1.21,4.3,100
PROD001438,4.0,6176015.66,1143342.22,7319357.88,202,36,238,247,46,293,boAt Headphones V7,Electronics,boAt,44986.72,44,19794.16,25192.56,532,0.86,4.33,92
PROD001439,4.0,26928320.93,2884055.05,29812375.98,192,19,211,233,25,258,Noise Watch V7,Electronics,Noise,127432.62,8,10194.61,117238.01,182,3.18,4.49,104
PROD001440,4.0,14067431.19,1113508.6,15180939.79,206,17,223,255,20,275,Apple iPhone V7,Electronics,Apple,73257.14,24,17581.71,55675.43,828,4.37,4.3,106
PROD001441,5.0,886316.2899999999,93247.43999999999,979563.7299999999,170,19,189,211,22,233,Levis Jeans V3,Fashion,Levis,6987.6,39,2725.16,4262.44,640,0.98,4.54,87
PROD001442,4.0,437779.58999999997,35007.45,472787.04,180,13,193,226,18,244,Peter England Shirt V6,Fashion,Peter,3215.26,39,1253.95,1961.31,724,1.66,4.28,90
PROD001443,4.0,1455980.51,207545.31,1663525.82,157,22,179,197,28,225,Nike Shoes V3,Fashion,Nike,14586.07,49,7147.17,7438.9,828,2.49,4.46,82
PROD001444,4.0,1144084.23,106964.15000000001,1251048.38,157,15,172,204,19,223,Titan Watch V8,Fashion,Titan,7053.56,20,1410.71,5642.85,556,4.23,4.46,83
PROD001445,4.0,66039.36,7606.09,73645.45,152,17,169,189,21,210,Puma T-shirt V1,Fashion,Puma,613.04,48,294.26,318.78,354,4.77,4.42,83
PROD001446,4.0,2569405.94,194906.1,2764312.04,95,8,103,120,9,129,IKEA Chair V8,Home,IKEA,36733.73,41,15060.83,21672.9,433,3.97,4.4,47
PROD001447,5.0,1903047.55,111523.31,2014570.86,121,8,129,155,9,164,Prestige Cooker V10,Home,Prestige,16319.2,24,3916.61,12402.59,419,1.37,4.37,63
PROD001448,4.0,1493431.16,111535.59999999999,1604966.76,102,9,111,135,10,145,Philips Mixer V9,Home,Philips,12128.87,8,970.31,11158.56,160,0.9,4.47,38
PROD001449,5.0,3675852.6799999997,408140.93,4083993.61,96,11,107,131,15,146,Godrej Almirah V1,Home,Godrej,36337.33,22,7994.21,28343.12,637,0.49,4.44,55
PROD001450,4.0,3604328.8899999997,218345.69,3822674.5799999996,92,7,99,117,7,124,Urban Ladder Sofa V10,Home,Urban,39510.98,21,8297.31,31213.67,83,3.4,4.21,43
PROD001451,5.0,145016.52000000002,12580.68,157597.2,53,5,58,70,6,76,Lakme Lipstick V6,Beauty,Lakme,2912.19,28,815.41,2096.78,880,0.31,4.56,25
PROD001452,5.0,159710.43,12647.82,172358.25,51,5,56,74,6,80,Mamaearth Facewash V5,Beauty,Mamaearth,2319.85,6,139.19,2180.66,373,3.06,4.41,29
PROD001453,4.0,54709.299999999996,5931.4,60640.7,63,8,71,74,8,82,Nivea Cream V8,Beauty,Nivea,1028.5,27,277.69,750.81,58,4.2,4.4,30
PROD001454,4.0,85160.76999999999,14260.13,99420.9,51,8,59,72,12,84,Dove Soap V10,Beauty,Dove,2139.87,44,941.54,1198.33,818,1.97,4.5,18
PROD001455,5.0,32240.44,4115.72,36356.159999999996,58,8,66,73,9,82,Plum Serum V9,Beauty,Plum,451.54,10,45.15,406.39,602,1.06,4.54,28
PROD001456,4.0,537716.31,65531.82,603248.13,76,10,86,97,12,109,Nike T-shirt V1,Sports,Nike,9203.0,39,3589.17,5613.83,190,4.21,4.46,48
PROD001457,4.0,1757290.2000000002,357078.33,2114368.5300000003,75,17,92,94,19,113,Puma Shoes V8,Sports,Puma,24546.72,23,5645.75,18900.97,733,3.48,4.45,47
PROD001458,4.0,1596604.35,233897.08000000002,1830501.4300000002,83,12,95,102,15,117,Decathlon Cycle V9,Sports,Decathlon,23608.01,33,7790.64,15817.37,412,3.0,4.28,43
PROD001459,5.0,1071841.55,116509.31,1188350.86,91,9,100,111,12,123,Yoga Mat V7,Sports,Yoga,13992.71,30,4197.81,9794.9,992,1.67,4.53,40
PROD001460,4.0,1564761.58,127992.59,1692754.1700000002,88,7,95,110,9,119,Dumbbells V7,Sports,Dumbbells,27656.14,48,13274.95,14381.19,492,4.77,4.33,51
PROD001461,5.0,47804.54,3948.6,51753.14,59,4,63,74,6,80,Fiction Novel V4,Books,Fiction,982.24,33,324.14,658.1,81,0.52,4.52,27
PROD001462,5.0,85856.59,8790.48,94647.06999999999,63,8,71,79,8,87,NCERT Book V10,Books,NCERT,1664.86,34,566.05,1098.81,920,2.97,4.7,23
PROD001463,3.0,120938.93,14024.89,134963.82,64,6,70,78,9,87,Comics V4,Books,Comics,1969.79,20,393.96,1575.83,39,3.62,4.38,39
PROD001464,4.0,54536.770000000004,6594.56,61131.33,54,7,61,66,8,74,Notebook V1,Books,Notebook,1028.14,18,185.07,843.07,808,4.18,4.32,28
PROD001465,5.0,37691.61,6524.530000000001,44216.14,55,8,63,64,11,75,Stationery Set V5,Books,Stationery,802.98,25,200.75,602.23,845,3.15,4.76,25
PROD001466,5.0,198154.36000000002,23897.75,222052.11000000002,98,13,111,124,15,139,Aashirvaad Atta V4,Grocery,Aashirvaad,2844.69,43,1223.22,1621.47,301,2.15,4.41,61
PROD001467,4.0,57184.18,7832.92,65017.1,109,15,124,140,19,159,Fortune Oil V8,Grocery,Fortune,744.71,50,372.36,372.35,328,1.86,4.44,59
PROD001468,5.0,137876.93,18763.32,156640.25,109,13,122,131,18,149,Lays Chips V1,Grocery,Lays,1817.27,41,745.08,1072.19,574,2.79,4.53,57
PROD001469,4.0,231197.18,35042.32,266239.5,90,15,105,111,17,128,Nescafe Coffee V1,Grocery,Nescafe,2475.68,15,371.35,2104.33,813,0.91,4.45,40
PROD001470,5.0,88627.14,9781.16,98408.3,100,11,111,127,14,141,Haldiram Snacks V10,Grocery,Haldiram,843.79,16,135.01,708.78,362,3.0,4.53,53
PROD001471,4.0,19493305.400000002,1860460.1,21353765.500000004,196,21,217,242,23,265,Samsung Mobile V9,Electronics,Samsung,111782.63,27,30181.31,81601.32,935,1.39,4.41,98
PROD001472,4.0,10228744.18,1103494.36,11332238.54,203,24,227,258,28,286,HP Laptop V6,Electronics,HP,54784.32,27,14791.77,39992.55,600,3.65,4.41,99
PROD001473,3.0,18667970.61,2113106.5,20781077.11,210,25,235,264,30,294,boAt Headphones V3,Electronics,boAt,78456.58,9,7061.09,71395.49,697,0.31,4.36,115
PROD001474,5.0,12642076.51,1386959.02,14029035.53,220,25,245,287,32,319,Noise Watch V5,Electronics,Noise,55571.28,20,11114.26,44457.02,680,0.8,4.47,130
PROD001475,4.0,18870145.55,1748036.1,20618181.650000002,216,19,235,260,24,284,Apple iPhone V1,Electronics,Apple,91824.37,20,18364.87,73459.5,687,4.55,4.44,114
PROD001476,4.0,1866024.6800000002,212609.80000000002,2078634.4800000002,166,17,183,204,23,227,Levis Jeans V5,Fashion,Levis,11147.71,17,1895.11,9252.6,755,3.43,4.35,98
PROD001477,4.0,1481519.01,192405.58000000002,1673924.59,153,19,172,192,25,217,Peter England Shirt V2,Fashion,Peter,9781.79,20,1956.36,7825.43,309,3.16,4.41,85
PROD001478,4.0,431803.82,65320.119999999995,497123.94,136,20,156,166,25,191,Nike Shoes V7,Fashion,Nike,4616.36,43,1985.03,2631.33,170,4.55,4.39,72
PROD001479,5.0,427200.6,38006.82,465207.42,145,14,159,180,16,196,Titan Watch V1,Fashion,Titan,3211.54,25,802.88,2408.66,200,4.96,4.34,70
PROD001480,4.0,865895.3,109357.90000000001,975253.2000000001,152,17,169,180,23,203,Puma T-shirt V10,Fashion,Puma,5441.88,11,598.61,4843.27,183,2.14,4.4,78
PROD001481,4.0,2693923.8,434523.2,3128447.0,103,16,119,126,20,146,IKEA Chair V8,Home,IKEA,34497.87,37,12764.21,21733.66,796,3.05,4.37,51
PROD001482,4.0,1345791.55,234441.96000000002,1580233.51,106,17,123,137,24,161,Prestige Cooker V4,Home,Prestige,11828.69,16,1892.59,9936.1,361,1.79,4.42,64
PROD001483,3.0,2999917.96,337218.89,3337136.85,86,9,95,97,11,108,Philips Mixer V7,Home,Philips,33969.29,8,2717.54,31251.75,487,4.25,4.52,52
PROD001484,5.0,5452180.140000001,660727.14,6112907.28,118,15,133,148,18,166,Godrej Almirah V3,Home,Godrej,40796.84,9,3671.72,37125.12,950,3.4,4.45,65
PROD001485,4.0,1355930.5799999998,97496.42,1453426.9999999998,98,8,106,125,9,134,Urban Ladder Sofa V1,Home,Urban,16870.6,35,5904.71,10965.89,140,2.15,4.38,50
PROD001486,4.0,167505.67,11246.800000000001,178752.47,53,4,57,75,5,80,Lakme Lipstick V1,Beauty,Lakme,3545.87,36,1276.51,2269.36,229,3.21,4.44,27
PROD001487,5.0,165252.47,14918.28,180170.75,72,6,78,87,8,95,Mamaearth Facewash V6,Beauty,Mamaearth,2492.22,23,573.21,1919.01,806,2.65,4.41,37
PROD001488,5.0,60988.97,11259.470000000001,72248.44,45,7,52,59,11,70,Nivea Cream V5,Beauty,Nivea,1113.55,6,66.81,1046.74,967,4.73,4.38,29
PROD001489,4.0,93966.24,4190.07,98156.31,54,3,57,68,3,71,Dove Soap V8,Beauty,Dove,2685.95,48,1289.26,1396.69,142,0.9,4.36,22
PROD001490,4.0,70462.5,7970.0,78432.5,46,4,50,53,6,59,Plum Serum V6,Beauty,Plum,2037.88,34,692.88,1345.0,763,2.05,4.46,24
PROD001491,4.0,2390898.06,178625.44,2569523.5,92,5,97,108,8,116,Nike T-shirt V7,Sports,Nike,24809.09,10,2480.91,22328.18,891,1.02,4.48,46
PROD001492,4.0,335832.38,23117.579999999998,358949.96,102,6,108,132,9,141,Puma Shoes V2,Sports,Puma,2952.44,13,383.82,2568.62,608,2.91,4.28,53
PROD001493,4.0,1969661.06,258782.32,2228443.38,103,14,117,123,16,139,Decathlon Cycle V2,Sports,Decathlon,17776.95,9,1599.93,16177.02,11,3.06,4.38,65
PROD001494,4.0,2362029.88,293934.83999999997,2655964.7199999997,87,11,98,119,15,134,Yoga Mat V6,Sports,Yoga,29854.29,33,9851.92,20002.37,451,3.83,4.38,45
PROD001495,5.0,1173691.3,163132.08,1336823.3800000001,90,12,102,115,16,131,Dumbbells V6,Sports,Dumbbells,20250.95,49,9922.97,10327.98,561,3.61,4.52,52
PROD001496,4.0,63671.36,7351.960000000001,71023.32,58,7,65,78,9,87,Fiction Novel V8,Books,Fiction,1068.1,23,245.66,822.44,93,2.8,4.26,27
PROD001497,4.0,72946.62,10587.75,83534.37,82,11,93,105,15,120,NCERT Book V3,Books,NCERT,1053.5,33,347.65,705.85,925,3.26,4.27,41
PROD001498,5.0,19121.48,2251.32,21372.8,74,9,83,95,11,106,Comics V9,Books,Comics,303.75,49,148.84,154.91,663,1.11,4.4,43
PROD001499,5.0,40686.0,3184.0,43870.0,51,5,56,63,5,68,Notebook V3,Books,Notebook,1294.12,49,634.12,660.0,35,0.45,4.28,25
PROD001500,4.0,63261.11,3923.3999999999996,67184.51,67,5,72,80,5,85,Stationery Set V5,Books,Stationery,957.95,16,153.27,804.68,544,2.57,4.5,44
PROD001501,5.0,149695.8,21863.38,171559.18,103,16,119,123,18,141,Aashirvaad Atta V2,Grocery,Aashirvaad,1574.72,22,346.44,1228.28,901,2.75,4.39,56
PROD001502,5.0,14095.09,1103.26,15198.35,121,8,129,146,12,158,Fortune Oil V3,Grocery,Fortune,79.29,40,31.72,47.57,317,4.41,4.44,71
PROD001503,4.0,15142.72,1884.16,17026.88,118,12,130,147,20,167,Lays Chips V6,Grocery,Lays,69.22,23,15.92,53.3,980,1.79,4.34,70
PROD001504,4.0,202382.97999999998,22465.059999999998,224848.03999999998,110,12,122,139,16,155,Nescafe Coffee V4,Grocery,Nescafe,1843.55,20,368.71,1474.84,281,0.32,4.28,57
PROD001505,4.0,209370.74,12578.57,221949.31,121,8,129,151,9,160,Haldiram Snacks V10,Grocery,Haldiram,2579.89,45,1160.95,1418.94,214,1.84,4.32,65
PROD001506,5.0,2342091.6999999997,220201.94,2562293.6399999997,207,21,228,245,23,268,Samsung Mobile V8,Electronics,Samsung,10851.66,11,1193.68,9657.98,787,4.6,4.41,115
PROD001507,4.0,1354422.55,138195.53,1492618.08,210,23,233,266,27,293,HP Laptop V10,Electronics,HP,9208.13,44,4051.58,5156.55,654,0.45,4.35,112
PROD001508,5.0,12496334.02,1787136.91,14283470.93,233,29,262,280,40,320,boAt Headphones V6,Electronics,boAt,79382.06,43,34134.29,45247.77,645,2.98,4.35,135
PROD001509,4.0,10820638.33,1752438.0,12573076.33,210,38,248,269,44,313,Noise Watch V7,Electronics,Noise,66821.88,39,26060.53,40761.35,539,4.17,4.38,104
PROD001510,4.0,6288187.45,603109.64,6891297.09,194,21,215,241,23,264,Apple iPhone V1,Electronics,Apple,34511.42,24,8282.74,26228.68,847,3.37,4.43,113
PROD001511,5.0,452749.31,50270.31,503019.62,151,16,167,187,21,208,Levis Jeans V4,Fashion,Levis,3606.19,32,1153.98,2452.21,261,2.13,4.38,77
PROD001512,4.0,748747.53,55068.22,803815.75,152,13,165,189,14,203,Peter England Shirt V4,Fashion,Peter,6351.3,37,2349.98,4001.32,809,1.86,4.23,77
PROD001513,4.0,408951.9,30805.64,439757.54000000004,165,14,179,209,16,225,Nike Shoes V9,Fashion,Nike,3185.04,38,1210.32,1974.72,979,2.13,4.43,96
PROD001514,4.0,1627262.34,271599.86,1898862.2000000002,168,28,196,197,33,230,Titan Watch V2,Fashion,Titan,12833.88,35,4491.86,8342.02,411,3.41,4.37,98
PROD001515,4.0,975217.52,118849.65000000001,1094067.17,152,18,170,189,23,212,Puma T-shirt V7,Fashion,Puma,5670.75,8,453.66,5217.09,180,4.02,4.37,91
PROD001516,4.0,1882067.24,183910.18,2065977.42,98,10,108,122,12,134,IKEA Chair V9,Home,IKEA,17526.2,11,1927.88,15598.32,830,0.38,4.42,60
PROD001517,4.0,272816.7,37802.64,310619.34,101,12,113,123,17,140,Prestige Cooker V8,Home,Prestige,2491.96,10,249.2,2242.76,259,3.02,4.33,54
PROD001518,5.0,1342968.97,104837.37,1447806.3399999999,120,10,130,151,12,163,Philips Mixer V5,Home,Philips,16000.82,44,7040.36,8960.46,500,4.15,4.3,66
PROD001519,4.0,2071286.96,367950.39,2439237.35,107,17,124,133,24,157,Godrej Almirah V2,Home,Godrej,18370.12,14,2571.82,15798.3,739,1.24,4.26,50
PROD001520,4.0,3671782.46,481982.04,4153764.5,106,16,122,130,17,147,Urban Ladder Sofa V2,Home,Urban,32061.17,11,3526.73,28534.44,251,2.67,4.28,50
PROD001521,4.0,71455.22,3729.44,75184.66,62,3,65,78,4,82,Lakme Lipstick V4,Beauty,Lakme,1035.96,10,103.6,932.36,240,1.98,4.48,25
PROD001522,4.0,153931.91999999998,13704.34,167636.25999999998,57,6,63,67,6,73,Mamaearth Facewash V3,Beauty,Mamaearth,3366.34,31,1043.57,2322.77,758,1.45,4.32,28
PROD001523,4.0,186240.79,34956.58,221197.37,54,9,63,69,13,82,Nivea Cream V10,Beauty,Nivea,2926.28,7,204.84,2721.44,672,4.63,4.36,33
PROD001524,5.0,111174.42,11682.16,122856.58,49,7,56,66,7,73,Dove Soap V6,Beauty,Dove,2339.13,27,631.57,1707.56,134,3.3,4.65,26
PROD001525,4.0,121569.5,5646.8,127216.3,69,3,72,86,4,90,Plum Serum V3,Beauty,Plum,1596.33,10,159.63,1436.7,514,2.6,4.33,30
PROD001526,4.0,640110.84,91945.01,732055.85,98,11,109,120,17,137,Nike T-shirt V2,Sports,Nike,6077.0,11,668.47,5408.53,968,4.6,4.5,44
PROD001527,5.0,1462963.2,191356.0,1654319.2,100,13,113,131,17,148,Puma Shoes V9,Sports,Puma,20121.42,44,8853.42,11268.0,367,1.8,4.44,54
PROD001528,4.0,1698887.23,294904.69,1993791.92,87,15,102,114,20,134,Decathlon Cycle V3,Sports,Decathlon,15843.43,5,792.17,15051.26,296,2.26,4.36,45
PROD001529,4.0,666552.87,34942.56,701495.4299999999,94,5,99,116,6,122,Yoga Mat V8,Sports,Yoga,11647.52,50,5823.76,5823.76,524,1.31,4.38,45
PROD001530,4.0,2029087.41,237657.12,2266744.53,79,11,90,103,12,115,Dumbbells V4,Sports,Dumbbells,24771.57,20,4954.31,19817.26,644,0.56,4.38,47
PROD001531,5.0,98742.45999999999,9452.47,108194.93,76,9,85,95,9,104,Fiction Novel V6,Books,Fiction,1992.14,47,936.31,1055.83,709,0.59,4.35,46
PROD001532,4.0,28975.36,4567.51,33542.87,51,8,59,59,9,68,NCERT Book V4,Books,NCERT,851.69,47,400.29,451.4,375,1.43,4.38,26
PROD001533,4.0,71863.96,3527.71,75391.67000000001,76,4,80,102,5,107,Comics V3,Books,Comics,1058.74,32,338.8,719.94,86,1.69,4.49,39
PROD001534,5.0,79735.87,6742.82,86478.69,69,5,74,84,7,91,Notebook V1,Books,Notebook,1319.54,27,356.28,963.26,620,2.22,4.35,40
PROD001535,5.0,81389.7,2065.4,83455.09999999999,60,2,62,77,2,79,Stationery Set V1,Books,Stationery,1294.11,16,207.06,1087.05,395,3.79,4.43,28
PROD001536,5.0,37437.11,3234.3,40671.41,104,11,115,126,11,137,Aashirvaad Atta V1,Grocery,Aashirvaad,370.63,33,122.31,248.32,267,3.59,4.54,57
PROD001537,4.0,140603.83,18520.85,159124.68,102,15,117,128,17,145,Fortune Oil V4,Grocery,Fortune,2058.08,46,946.72,1111.36,114,0.4,4.48,56
PROD001538,4.0,135011.5,26184.16,161195.66,92,20,112,114,22,136,Lays Chips V8,Grocery,Lays,2353.31,49,1153.12,1200.19,120,2.59,4.33,54
PROD001539,4.0,107969.56,12043.689999999999,120013.25,91,9,100,118,13,131,Nescafe Coffee V10,Grocery,Nescafe,1334.47,30,400.34,934.13,701,1.73,4.32,38
PROD001540,4.0,141818.72,11836.0,153654.72,97,10,107,121,10,131,Haldiram Snacks V10,Grocery,Haldiram,1578.14,25,394.54,1183.6,348,4.92,4.33,48
PROD001541,4.0,5649017.4,684306.42,6333323.82,193,20,213,240,29,269,Samsung Mobile V6,Electronics,Samsung,28986.98,18,5217.66,23769.32,154,1.25,4.34,127
PROD001542,5.0,8985787.78,999130.2899999999,9984918.069999998,219,27,246,271,30,301,HP Laptop V3,Electronics,HP,61896.47,46,28472.38,33424.09,139,4.52,4.53,115
PROD001543,3.0,16091016.4,1814857.5,17905873.9,226,20,246,269,30,299,boAt Headphones V9,Electronics,boAt,78571.75,23,18071.5,60500.25,866,3.48,4.46,118
PROD001544,4.0,15830690.63,2700844.6,18531535.23,201,33,234,262,44,306,Noise Watch V1,Electronics,Noise,82958.98,26,21569.33,61389.65,394,1.18,4.29,112
PROD001545,4.0,19061117.18,1604477.74,20665594.919999998,206,19,225,262,22,284,Apple iPhone V7,Electronics,Apple,87621.65,16,14019.46,73602.19,230,3.28,4.34,100
PROD001546,4.0,1913443.8299999998,226382.84999999998,2139826.6799999997,148,19,167,177,21,198,Levis Jeans V4,Fashion,Levis,12106.46,10,1210.65,10895.81,416,0.74,4.48,84
PROD001547,4.0,419571.82,39632.630000000005,459204.45,166,15,181,202,19,221,Peter England Shirt V7,Fashion,Peter,3961.53,47,1861.92,2099.61,926,1.78,4.45,95
PROD001548,4.0,476320.81,35214.31,511535.12,146,13,159,175,13,188,Nike Shoes V4,Fashion,Nike,4379.25,37,1620.32,2758.93,488,1.02,4.46,82
PROD001549,4.0,163899.64,24464.39,188364.03000000003,145,20,165,190,28,218,Titan Watch V6,Fashion,Titan,985.24,11,108.38,876.86,113,4.09,4.48,69
PROD001550,4.0,1197730.87,139678.41999999998,1337409.29,162,18,180,202,24,226,Puma T-shirt V3,Fashion,Puma,9196.47,35,3218.76,5977.71,236,0.87,4.49,85
PROD001551,4.0,1334778.3399999999,118424.29,1453202.63,99,10,109,126,11,137,IKEA Chair V9,Home,IKEA,18569.64,42,7799.25,10770.39,569,2.88,4.37,51
PROD001552,4.0,604857.36,88588.41,693445.77,119,15,134,144,21,165,Prestige Cooker V1,Home,Prestige,4557.72,7,319.04,4238.68,359,2.58,4.4,70
PROD001553,4.0,1206032.72,124994.92000000001,1331027.64,98,10,108,123,13,136,Philips Mixer V2,Home,Philips,12405.25,20,2481.05,9924.2,27,4.08,4.48,48
PROD001554,4.0,177959.76,11574.400000000001,189534.16,117,8,125,152,10,162,Godrej Almirah V6,Home,Godrej,1884.83,37,697.39,1187.44,808,1.85,4.45,74
PROD001555,5.0,1213066.54,127133.98999999999,1340200.53,98,12,110,125,13,138,Urban Ladder Sofa V8,Home,Urban,11651.47,16,1864.24,9787.23,357,1.57,4.39,51
PROD001556,5.0,51290.92999999999,7469.699999999999,58760.62999999999,42,6,48,49,7,56,Lakme Lipstick V7,Beauty,Lakme,1422.8,25,355.7,1067.1,933,1.49,4.53,19
PROD001557,4.0,96800.2,13586.900000000001,110387.1,50,5,55,56,8,64,Mamaearth Facewash V5,Beauty,Mamaearth,2322.54,25,580.63,1741.91,763,1.76,4.43,23
PROD001558,4.0,55491.03999999999,3601.79,59092.829999999994,54,3,57,77,5,82,Nivea Cream V1,Beauty,Nivea,967.18,24,232.12,735.06,829,4.89,4.16,25
PROD001559,4.0,130616.48,4078.2799999999997,134694.76,47,2,49,64,2,66,Dove Soap V10,Beauty,Dove,2243.63,8,179.49,2064.14,691,1.49,4.48,23
PROD001560,4.0,58868.270000000004,11790.18,70658.45000000001,57,9,66,69,14,83,Plum Serum V10,Beauty,Plum,940.47,8,75.24,865.23,480,0.58,4.42,26
PROD001561,4.0,718219.86,87731.28,805951.14,89,11,100,116,14,130,Nike T-shirt V9,Sports,Nike,7642.1,18,1375.58,6266.52,307,0.74,4.28,46
PROD001562,4.0,1626040.8800000001,118977.39,1745018.27,85,5,90,97,7,104,Puma Shoes V8,Sports,Puma,20234.25,16,3237.48,16996.77,757,0.58,4.15,39
PROD001563,3.0,2449081.8,340871.92,2789953.7199999997,92,14,106,116,16,132,Decathlon Cycle V3,Sports,Decathlon,24790.84,14,3470.72,21320.12,154,0.29,4.35,46
PROD001564,5.0,474330.84,50079.54,524410.38,83,9,92,104,11,115,Yoga Mat V8,Sports,Yoga,6763.3,32,2164.26,4599.04,846,0.46,4.57,47
PROD001565,4.0,1018362.14,53229.5,1071591.6400000001,101,6,107,131,7,138,Dumbbells V7,Sports,Dumbbells,11522.38,32,3687.16,7835.22,524,4.08,4.32,53
PROD001566,4.0,55674.3,4303.990000000001,59978.29,66,7,73,87,7,94,Fiction Novel V2,Books,Fiction,765.38,15,114.81,650.57,375,3.94,4.37,30
PROD001567,4.0,61785.86,5002.61,66788.47,58,5,63,74,6,80,NCERT Book V1,Books,NCERT,1115.66,24,267.76,847.9,264,0.56,4.41,27
PROD001568,4.0,32398.449999999997,4616.2,37014.649999999994,56,8,64,63,9,72,Comics V7,Books,Comics,767.99,31,238.08,529.91,631,1.27,4.24,33
PROD001569,5.0,48878.32,5754.56,54632.88,58,7,65,68,8,76,Notebook V9,Books,Notebook,1306.83,44,575.01,731.82,549,0.91,4.45,20
PROD001570,4.0,60315.530000000006,11330.48,71646.01000000001,56,11,67,76,14,90,Stationery Set V8,Books,Stationery,1226.24,34,416.92,809.32,891,3.28,4.45,33
PROD001571,4.0,119550.16,8952.56,128502.72,109,9,118,131,10,141,Aashirvaad Atta V2,Grocery,Aashirvaad,1489.88,38,566.15,923.73,357,2.96,4.48,69
PROD001572,4.0,201748.61,22893.559999999998,224642.16999999998,101,14,115,125,14,139,Fortune Oil V10,Grocery,Fortune,1853.42,11,203.88,1649.54,434,2.45,4.4,45
PROD001573,5.0,36347.41,3146.93,39494.340000000004,98,10,108,133,11,144,Lays Chips V6,Grocery,Lays,320.49,26,83.33,237.16,459,0.28,4.4,48
PROD001574,5.0,79626.73,14365.18,93991.91,91,18,109,110,20,130,Nescafe Coffee V4,Grocery,Nescafe,1309.09,44,576.0,733.09,391,2.96,4.38,47
PROD001575,4.0,273391.52,27184.62,300576.14,115,12,127,142,14,156,Haldiram Snacks V6,Grocery,Haldiram,2819.32,31,873.99,1945.33,489,4.01,4.29,63
PROD001576,5.0,13523932.6,1723219.43,15247152.03,200,26,226,241,31,272,Samsung Mobile V2,Electronics,Samsung,95116.97,40,38046.79,57070.18,922,2.96,4.33,118
PROD001577,4.0,20409219.09,2128883.1,22538102.19,207,21,228,251,26,277,HP Laptop V10,Electronics,HP,141727.68,42,59525.63,82202.05,788,0.78,4.27,108
PROD001578,4.0,1468115.44,143774.9,1611890.3399999999,228,22,250,285,28,313,boAt Headphones V4,Electronics,boAt,9148.55,43,3933.88,5214.67,131,1.05,4.44,111
PROD001579,4.0,1984835.8900000001,178635.03,2163470.92,199,19,218,240,22,262,Noise Watch V6,Electronics,Noise,10188.34,18,1833.9,8354.44,184,0.68,4.36,107
PROD001580,4.0,8831034.53,693042.1799999999,9524076.709999999,214,16,230,256,20,276,Apple iPhone V1,Electronics,Apple,50472.81,31,15646.57,34826.24,300,1.87,4.48,108
PROD001581,4.0,1190527.3800000001,106135.87,1296663.25,141,14,155,179,16,195,Levis Jeans V1,Fashion,Levis,8956.61,25,2239.15,6717.46,886,4.33,4.31,65
PROD001582,4.0,1237282.9100000001,159603.08000000002,1396885.9900000002,135,16,151,177,23,200,Peter England Shirt V3,Fashion,Peter,12401.26,43,5332.54,7068.72,971,0.88,4.5,70
PROD001583,4.0,1940073.5899999999,237961.74,2178035.33,151,20,171,186,23,209,Nike Shoes V4,Fashion,Nike,13172.66,20,2634.53,10538.13,764,4.48,4.41,79
PROD001584,5.0,627164.6,59218.4,686383.0,160,14,174,210,20,230,Titan Watch V1,Fashion,Titan,3222.34,6,193.34,3029.0,770,2.29,4.33,90
PROD001585,4.0,1838673.51,261278.88,2099952.39,152,19,171,183,26,209,Puma T-shirt V8,Fashion,Puma,14478.34,30,4343.5,10134.84,841,1.54,4.43,81
PROD001586,4.0,1340323.8,128638.73000000001,1468962.53,120,11,131,145,14,159,IKEA Chair V10,Home,IKEA,15542.11,40,6216.84,9325.27,17,3.92,4.26,65
PROD001587,5.0,4352869.75,969214.5,5322084.25,93,18,111,108,24,132,Prestige Cooker V4,Home,Prestige,46813.22,13,6085.72,40727.5,448,1.47,4.52,61
PROD001588,4.0,6572831.100000001,581326.9,7154158.000000001,115,9,124,148,13,161,Philips Mixer V2,Home,Philips,49690.33,10,4969.03,44721.3,221,2.7,4.47,57
PROD001589,4.0,131499.05000000002,11435.84,142934.89,104,11,115,127,11,138,Godrej Almirah V5,Home,Godrej,1165.73,10,116.57,1049.16,386,2.31,4.42,65
PROD001590,5.0,4235759.48,506363.2,4742122.680000001,100,13,113,132,16,148,Urban Ladder Sofa V7,Home,Urban,42163.1,23,9697.51,32465.59,512,4.26,4.51,57
PROD001591,4.0,52463.600000000006,0.0,52463.600000000006,43,0,43,52,0,52,Lakme Lipstick V8,Beauty,Lakme,1120.02,8,89.6,1030.42,832,2.09,4.32,19
PROD001592,4.0,75828.24,6613.25,82441.49,46,4,50,57,5,62,Mamaearth Facewash V4,Beauty,Mamaearth,1864.79,28,522.14,1342.65,256,0.53,4.38,24
PROD001593,4.0,78183.47,8244.16,86427.63,55,7,62,77,8,85,Nivea Cream V8,Beauty,Nivea,1595.03,35,558.26,1036.77,37,0.88,4.3,27
PROD001594,5.0,301426.55,24119.0,325545.55,54,3,57,76,6,82,Dove Soap V3,Beauty,Dove,4586.93,12,550.43,4036.5,321,1.74,4.52,29
PROD001595,4.0,89552.53,12242.789999999999,101795.31999999999,54,7,61,67,9,76,Plum Serum V7,Beauty,Plum,1563.58,13,203.27,1360.31,868,3.1,4.19,31
PROD001596,4.0,3283843.25,399888.88,3683732.13,91,12,103,115,14,129,Nike T-shirt V5,Sports,Nike,31290.18,8,2503.21,28786.97,122,1.16,4.27,48
PROD001597,4.0,2034428.82,274952.64,2309381.46,95,14,109,125,17,142,Puma Shoes V9,Sports,Puma,21663.46,24,5199.23,16464.23,13,1.19,4.4,50
PROD001598,5.0,1319204.73,220665.59,1539870.32,85,13,98,100,17,117,Decathlon Cycle V1,Sports,Decathlon,21445.35,38,8149.23,13296.12,603,4.85,4.31,55
PROD001599,4.0,2165705.2800000003,194710.18,2360415.4600000004,98,11,109,134,12,146,Yoga Mat V8,Sports,Yoga,31465.76,48,15103.56,16362.2,268,1.87,4.39,49
PROD001600,5.0,2085593.47,228673.26,2314266.73,98,10,108,125,14,139,Dumbbells V2,Sports,Dumbbells,18079.8,7,1265.59,16814.21,325,3.27,4.59,51
PROD001601,5.0,75829.61,12155.010000000002,87984.62,51,7,58,62,10,72,Fiction Novel V10,Books,Fiction,1719.28,28,481.4,1237.88,458,2.52,4.38,26
PROD001602,4.0,77077.08,6695.200000000001,83772.28,61,4,65,81,7,88,NCERT Book V9,Books,NCERT,1284.8,25,321.2,963.6,498,3.44,4.35,26
PROD001603,3.0,30668.32,875.38,31543.7,59,2,61,66,2,68,Comics V4,Books,Comics,810.51,48,389.04,421.47,233,0.58,4.38,32
PROD001604,4.0,34950.8,3990.6,38941.4,51,6,57,69,8,77,Notebook V3,Books,Notebook,977.84,47,459.58,518.26,862,1.94,4.29,24
PROD001605,4.0,56344.7,7038.11,63382.81,65,10,75,81,10,91,Stationery Set V5,Books,Stationery,1341.35,47,630.43,710.92,565,0.83,4.34,32
PROD001606,4.0,55015.52,4266.0,59281.52,119,11,130,154,11,165,Aashirvaad Atta V7,Grocery,Aashirvaad,480.13,33,158.44,321.69,175,0.76,4.47,68
PROD001607,4.0,105049.8,10160.22,115210.02,107,11,118,134,13,147,Fortune Oil V8,Grocery,Fortune,1098.06,27,296.48,801.58,217,2.29,4.41,61
PROD001608,4.0,242629.42,25205.440000000002,267834.86,109,11,120,127,13,140,Lays Chips V6,Grocery,Lays,2107.48,8,168.6,1938.88,620,4.55,4.26,61
PROD001609,4.0,46459.56,9704.03,56163.59,107,19,126,120,26,146,Nescafe Coffee V6,Grocery,Nescafe,636.23,46,292.67,343.56,726,0.48,4.37,59
PROD001610,4.0,49769.57,6605.6,56375.17,98,12,110,115,16,131,Haldiram Snacks V1,Grocery,Haldiram,624.02,37,230.89,393.13,671,2.15,4.39,59
PROD001611,5.0,11632709.99,1535799.77,13168509.76,190,24,214,241,32,273,Samsung Mobile V3,Electronics,Samsung,64158.3,24,15397.99,48760.31,858,1.86,4.5,105
PROD001612,4.0,9653347.29,744148.3999999999,10397495.69,213,18,231,262,20,282,HP Laptop V9,Electronics,HP,70226.26,47,33006.34,37219.92,950,3.99,4.25,108
PROD001613,4.0,9097829.94,811269.76,9909099.7,212,20,232,258,23,281,boAt Headphones V6,Electronics,boAt,68431.16,48,32846.96,35584.2,665,2.69,4.37,103
PROD001614,4.0,7005967.2,536832.8,7542800.0,186,15,201,235,18,253,Noise Watch V4,Electronics,Noise,54865.46,45,24689.46,30176.0,547,4.67,4.41,104
PROD001615,4.0,3497229.92,372492.6,3869722.52,231,26,257,284,30,314,Apple iPhone V5,Electronics,Apple,19724.48,37,7298.06,12426.42,764,0.44,4.37,139
PROD001616,4.0,1370055.7000000002,110475.07,1480530.7700000003,136,11,147,170,14,184,Levis Jeans V1,Fashion,Levis,8837.52,8,707.0,8130.52,844,4.2,4.31,67
PROD001617,5.0,1012399.23,107029.65999999999,1119428.89,169,16,185,211,22,233,Peter England Shirt V9,Fashion,Peter,8115.88,40,3246.35,4869.53,544,2.86,4.39,85
PROD001618,4.0,1922402.18,200584.15,2122986.33,165,14,179,212,22,234,Nike Shoes V3,Fashion,Nike,9960.5,8,796.84,9163.66,412,3.02,4.32,88
PROD001619,5.0,853889.4099999999,108934.70999999999,962824.1199999999,142,17,159,173,22,195,Titan Watch V9,Fashion,Titan,5599.24,11,615.92,4983.32,19,0.64,4.41,76
PROD001620,4.0,390823.55,56741.28,447564.82999999996,175,23,198,215,31,246,Puma T-shirt V5,Fashion,Puma,3071.26,40,1228.5,1842.76,815,1.34,4.49,87
PROD001621,4.0,2862678.85,306594.48,3169273.33,106,11,117,132,14,146,IKEA Chair V6,Home,IKEA,34234.87,36,12324.55,21910.32,100,3.38,4.45,60
PROD001622,4.0,2336898.94,328155.08,2665054.02,105,17,122,127,18,145,Prestige Cooker V2,Home,Prestige,35680.69,48,17126.73,18553.96,908,1.64,4.55,53
PROD001623,4.0,1716390.8800000001,195772.97,1912163.85,116,11,127,154,18,172,Philips Mixer V9,Home,Philips,12107.46,7,847.52,11259.94,639,3.91,4.4,65
PROD001624,5.0,1032848.86,128328.8,1161177.66,102,12,114,130,16,146,Godrej Almirah V6,Home,Godrej,11794.92,32,3774.37,8020.55,255,4.17,4.43,49
PROD001625,4.0,3066159.11,428710.5,3494869.61,93,11,104,109,15,124,Urban Ladder Sofa V2,Home,Urban,47634.5,40,19053.8,28580.7,334,2.19,4.36,47
PROD001626,4.0,194745.39,9198.84,203944.23,63,4,67,86,4,90,Lakme Lipstick V10,Beauty,Lakme,2643.34,13,343.63,2299.71,176,3.19,4.28,29
PROD001627,4.0,122454.88,10420.86,132875.74,70,6,76,81,7,88,Mamaearth Facewash V7,Beauty,Mamaearth,2891.48,47,1359.0,1532.48,949,1.98,4.49,39
PROD001628,4.0,275084.12,27881.43,302965.55,59,5,64,68,7,75,Nivea Cream V1,Beauty,Nivea,4505.73,9,405.52,4100.21,362,3.13,4.19,31
PROD001629,4.0,104553.6,4539.0599999999995,109092.66,53,3,56,70,3,73,Dove Soap V8,Beauty,Dove,2192.78,31,679.76,1513.02,202,0.43,4.21,24
PROD001630,5.0,26759.96,2952.35,29712.309999999998,46,6,52,58,6,64,Plum Serum V10,Beauty,Plum,672.12,36,241.96,430.16,621,0.94,4.18,22
PROD001631,5.0,648743.2899999999,127936.62,776679.9099999999,83,15,98,97,19,116,Nike T-shirt V6,Sports,Nike,9158.2,26,2381.13,6777.07,925,0.72,4.56,36
PROD001632,5.0,1267621.92,166864.78,1434486.7,81,11,92,106,14,120,Puma Shoes V1,Sports,Puma,22024.34,45,9910.95,12113.39,726,0.97,4.49,45
PROD001633,4.0,2137730.11,165403.88,2303133.9899999998,107,11,118,140,11,151,Decathlon Cycle V4,Sports,Decathlon,22410.12,31,6947.14,15462.98,895,4.78,4.5,58
PROD001634,4.0,2004379.4700000002,184378.87000000002,2188758.3400000003,94,10,104,119,11,130,Yoga Mat V1,Sports,Yoga,25636.48,34,8716.4,16920.08,589,0.74,4.48,50
PROD001635,4.0,1405897.96,285123.3,1691021.26,72,14,86,94,19,113,Dumbbells V9,Sports,Dumbbells,27438.51,45,12347.33,15091.18,358,2.21,4.29,35
PROD001636,5.0,45457.990000000005,7191.63,52649.62,66,8,74,77,12,89,Fiction Novel V6,Books,Fiction,677.18,10,67.72,609.46,433,2.86,4.59,32
PROD001637,4.0,19628.78,4433.22,24062.0,50,10,60,65,15,80,NCERT Book V8,Books,NCERT,478.49,44,210.54,267.95,235,0.43,4.3,30
PROD001638,4.0,52889.59,6800.2,59689.78999999999,60,8,68,80,10,90,Comics V7,Books,Comics,800.02,15,120.0,680.02,220,2.5,4.23,30
PROD001639,5.0,31138.14,3025.4900000000002,34163.63,71,7,78,93,9,102,Notebook V6,Books,Notebook,591.02,49,289.6,301.42,615,3.08,4.4,47
PROD001640,4.0,32964.76,6422.35,39387.11,57,12,69,80,15,95,Stationery Set V5,Books,Stationery,529.36,26,137.63,391.73,908,1.21,4.42,33
PROD001641,4.0,155790.88,24186.079999999998,179976.96,92,12,104,117,18,135,Aashirvaad Atta V6,Grocery,Aashirvaad,1444.21,6,86.65,1357.56,757,0.81,4.28,39
PROD001642,4.0,269368.62,21256.190000000002,290624.81,98,7,105,127,10,137,Fortune Oil V6,Grocery,Fortune,2467.92,13,320.83,2147.09,413,3.82,4.46,48
PROD001643,5.0,137131.21000000002,12625.470000000001,149756.68000000002,100,10,110,129,12,141,Lays Chips V2,Grocery,Lays,1739.4,38,660.97,1078.43,814,3.77,4.4,55
PROD001644,5.0,96522.95,15302.699999999999,111825.65,106,17,123,126,20,146,Nescafe Coffee V9,Grocery,Nescafe,1198.51,35,419.48,779.03,68,3.83,4.44,48
PROD001645,4.0,202879.65,31750.36,234630.01,96,13,109,116,18,134,Haldiram Snacks V7,Grocery,Haldiram,1913.28,7,133.93,1779.35,638,4.7,4.41,49
PROD001646,3.0,14156132.99,1802744.4400000002,15958877.43,211,27,238,269,34,303,Samsung Mobile V3,Electronics,Samsung,95258.06,44,41913.55,53344.51,132,2.78,4.55,120
PROD001647,3.0,2967155.36,417147.19,3384302.55,209,28,237,263,37,300,HP Laptop V10,Electronics,HP,14072.63,19,2673.8,11398.83,827,2.71,4.35,113
PROD001648,5.0,12392330.46,1335865.9000000001,13728196.360000001,196,23,219,244,26,270,boAt Headphones V3,Electronics,boAt,60455.47,15,9068.32,51387.15,771,3.28,4.53,97
PROD001649,4.0,20982198.09,1927784.03,22909982.12,195,18,213,240,22,262,Noise Watch V10,Electronics,Noise,105274.36,16,16843.9,88430.46,696,4.5,4.34,106
PROD001650,4.0,3882155.44,250149.56,4132305.0,205,13,218,249,16,265,Apple iPhone V10,Electronics,Apple,22180.85,29,6432.45,15748.4,282,2.72,4.46,97
PROD001651,4.0,1222874.27,119205.57,1342079.84,140,15,155,175,17,192,Levis Jeans V3,Fashion,Levis,8939.82,21,1877.36,7062.46,939,4.63,4.38,69
PROD001652,4.0,2113139.42,252521.61,2365661.03,161,18,179,195,23,218,Peter England Shirt V9,Fashion,Peter,12779.15,14,1789.08,10990.07,165,3.79,4.33,67
PROD001653,5.0,340991.83,38288.89,379280.72000000003,141,17,158,178,20,198,Nike Shoes V5,Fashion,Nike,2411.36,20,482.27,1929.09,981,1.19,4.4,73
PROD001654,4.0,258771.46999999997,35999.799999999996,294771.26999999996,155,19,174,203,28,231,Titan Watch V8,Fashion,Titan,1539.11,16,246.26,1292.85,251,3.37,4.42,72
PROD001655,5.0,296911.66,30816.339999999997,327728.0,161,17,178,199,21,220,Puma T-shirt V6,Fashion,Puma,2007.49,25,501.87,1505.62,905,3.65,4.5,94
PROD001656,5.0,1009430.44,144714.4,1154144.8399999999,95,12,107,113,16,129,IKEA Chair V7,Home,IKEA,11754.41,23,2703.51,9050.9,263,3.6,4.56,55
PROD001657,4.0,488132.3,69070.12,557202.4199999999,106,17,123,141,20,161,Prestige Cooker V5,Home,Prestige,4422.08,21,928.64,3493.44,685,4.97,4.36,64
PROD001658,5.0,1837283.73,232967.8,2070251.53,86,10,96,119,15,134,Philips Mixer V3,Home,Philips,21280.16,27,5745.64,15534.52,194,3.26,4.56,48
PROD001659,4.0,899989.78,124813.51,1024803.29,96,13,109,114,16,130,Godrej Almirah V4,Home,Godrej,8551.71,7,598.62,7953.09,242,4.32,4.43,47
PROD001660,5.0,5291078.92,784202.09,6075281.01,113,18,131,135,20,155,Urban Ladder Sofa V3,Home,Urban,41481.2,5,2074.06,39407.14,457,4.85,4.4,55
PROD001661,4.0,55117.91,7380.88,62498.79,49,6,55,61,8,69,Lakme Lipstick V10,Beauty,Lakme,1318.01,30,395.4,922.61,831,2.05,4.42,24
PROD001662,4.0,91675.94,7542.9,99218.84,49,5,54,62,5,67,Mamaearth Facewash V6,Beauty,Mamaearth,1604.87,6,96.29,1508.58,676,1.35,4.48,31
PROD001663,5.0,146068.48,18595.21,164663.69,56,5,61,71,9,80,Nivea Cream V4,Beauty,Nivea,3341.43,38,1269.74,2071.69,989,3.77,4.29,34
PROD001664,4.0,58013.57,7326.7,65340.27,51,8,59,64,8,72,Dove Soap V8,Beauty,Dove,1384.22,33,456.79,927.43,185,4.06,4.54,28
PROD001665,4.0,54300.380000000005,9803.380000000001,64103.76000000001,50,9,59,61,11,72,Plum Serum V10,Beauty,Plum,1532.17,41,628.19,903.98,88,2.34,4.46,24
PROD001666,4.0,606269.9299999999,44671.2,650941.1299999999,88,8,96,110,8,118,Nike T-shirt V3,Sports,Nike,10738.26,48,5154.36,5583.9,364,1.25,4.41,49
PROD001667,4.0,668124.96,60971.25,729096.21,98,8,106,115,11,126,Puma Shoes V3,Sports,Puma,10659.31,45,4796.69,5862.62,587,1.3,4.49,57
PROD001668,5.0,1763284.0,107011.29999999999,1870295.3,93,7,100,115,7,122,Decathlon Cycle V6,Sports,Decathlon,21550.18,28,6034.05,15516.13,976,4.47,4.4,47
PROD001669,5.0,2294269.77,229599.24000000002,2523869.0100000002,94,9,103,127,13,140,Yoga Mat V3,Sports,Yoga,20949.57,13,2723.44,18226.13,112,0.81,4.61,49
PROD001670,4.0,1275520.06,113872.87,1389392.9300000002,100,9,109,121,11,132,Dumbbells V8,Sports,Dumbbells,17752.78,40,7101.11,10651.67,407,3.15,4.29,51
PROD001671,5.0,18102.36,3007.69,21110.05,48,8,56,56,9,65,Fiction Novel V5,Books,Fiction,337.01,17,57.29,279.72,428,2.79,4.32,28
PROD001672,4.0,84275.88,8153.110000000001,92428.99,61,7,68,74,7,81,NCERT Book V10,Books,NCERT,1640.46,29,475.73,1164.73,618,2.29,4.26,31
PROD001673,4.0,57961.42,11734.42,69695.84,79,13,92,103,21,124,Comics V1,Books,Comics,808.12,29,234.35,573.77,439,3.2,4.48,46
PROD001674,4.0,45394.92,5993.32,51388.24,55,7,62,69,9,78,Notebook V5,Books,Notebook,1049.19,36,377.71,671.48,985,0.86,4.43,28
PROD001675,5.0,36704.19,3295.04,39999.23,70,6,76,87,8,95,Stationery Set V4,Books,Stationery,518.24,25,129.56,388.68,799,4.43,4.56,36
PROD001676,4.0,68785.76,7446.3,76232.06,110,12,122,140,15,155,Aashirvaad Atta V2,Grocery,Aashirvaad,531.49,13,69.09,462.4,831,3.59,4.43,63
PROD001677,5.0,92721.12000000001,7800.040000000001,100521.16,103,8,111,131,11,142,Fortune Oil V6,Grocery,Fortune,883.46,19,167.86,715.6,175,0.86,4.4,55
PROD001678,5.0,61721.06,6045.46,67766.52,115,13,128,140,13,153,Lays Chips V2,Grocery,Lays,566.15,29,164.18,401.97,719,4.87,4.41,63
PROD001679,4.0,196510.4,16736.97,213247.37,115,11,126,140,12,152,Nescafe Coffee V2,Grocery,Nescafe,2861.03,50,1430.52,1430.51,19,1.19,4.45,53
PROD001680,5.0,185371.33,19811.68,205183.00999999998,107,12,119,133,14,147,Haldiram Snacks V1,Grocery,Haldiram,1704.96,17,289.84,1415.12,884,4.13,4.38,58
PROD001681,4.0,27244617.18,2975548.2199999997,30220165.4,201,24,225,254,28,282,Samsung Mobile V6,Electronics,Samsung,121579.09,11,13373.7,108205.39,860,0.42,4.41,118
PROD001682,5.0,9267951.139999999,724639.99,9992591.129999999,217,19,236,264,21,285,HP Laptop V7,Electronics,HP,67986.87,48,32633.7,35353.17,549,4.52,4.47,119
PROD001683,4.0,28441886.029999997,3828003.6799999997,32269889.709999997,212,32,244,267,36,303,boAt Headphones V9,Electronics,boAt,143382.16,25,35845.54,107536.62,967,2.53,4.41,133
PROD001684,4.0,17252945.42,1436002.6400000001,18688948.060000002,204,18,222,252,21,273,Noise Watch V5,Electronics,Noise,125537.81,45,56492.01,69045.8,665,2.92,4.33,107
PROD001685,4.0,3541667.37,398207.3,3939874.67,217,21,238,278,31,309,Apple iPhone V7,Electronics,Apple,24327.25,47,11433.81,12893.44,875,2.79,4.39,107
PROD001686,4.0,682593.74,46764.06,729357.8,150,12,162,187,13,200,Levis Jeans V1,Fashion,Levis,5353.65,31,1659.63,3694.02,909,4.12,4.49,81
PROD001687,4.0,2005437.6,176574.88,2182012.48,175,16,191,216,19,235,Peter England Shirt V3,Fashion,Peter,13425.14,30,4027.54,9397.6,87,3.9,4.33,91
PROD001688,5.0,1269564.06,184752.72,1454316.78,141,19,160,171,25,196,Nike Shoes V3,Fashion,Nike,9019.21,17,1533.27,7485.94,975,3.18,4.41,71
PROD001689,5.0,928511.32,74547.34999999999,1003058.6699999999,146,13,159,186,15,201,Titan Watch V1,Fashion,Titan,6304.68,20,1260.94,5043.74,137,4.87,4.31,74
PROD001690,4.0,948368.5499999999,87271.81,1035640.3599999999,158,14,172,197,18,215,Puma T-shirt V1,Fashion,Puma,6690.27,27,1806.37,4883.9,737,0.6,4.41,88
PROD001691,5.0,2995536.65,760604.58,3756141.23,84,21,105,103,26,129,IKEA Chair V5,Home,IKEA,33133.2,11,3644.65,29488.55,260,4.36,4.29,51
PROD001692,5.0,138883.26,9619.8,148503.06,123,8,131,147,10,157,Prestige Cooker V3,Home,Prestige,1374.25,30,412.27,961.98,347,0.31,4.36,66
PROD001693,3.0,1826228.81,275740.2,2101969.0100000002,110,16,126,139,21,160,Philips Mixer V8,Home,Philips,20713.66,36,7456.92,13256.74,432,4.37,4.43,65
PROD001694,4.0,83241.64,10042.67,93284.31,104,12,116,130,16,146,Godrej Almirah V7,Home,Godrej,913.05,29,264.78,648.27,132,3.01,4.45,55
PROD001695,5.0,826583.01,89788.23999999999,916371.25,96,10,106,118,13,131,Urban Ladder Sofa V6,Home,Urban,13092.49,46,6022.55,7069.94,939,0.46,4.34,53
PROD001696,3.0,135707.49,16301.43,152008.91999999998,60,6,66,76,9,85,Lakme Lipstick V10,Beauty,Lakme,1990.41,9,179.14,1811.27,807,3.22,4.5,32
PROD001697,4.0,96989.08,12774.88,109763.96,47,6,53,62,8,70,Mamaearth Facewash V6,Beauty,Mamaearth,2851.54,44,1254.68,1596.86,936,1.57,4.41,22
PROD001698,5.0,188584.99000000002,11738.2,200323.19000000003,52,4,56,65,4,69,Nivea Cream V3,Beauty,Nivea,3121.86,6,187.31,2934.55,791,3.18,4.61,23
PROD001699,5.0,148322.53,11329.630000000001,159652.16,47,3,50,65,5,70,Dove Soap V5,Beauty,Dove,2819.72,18,507.55,2312.17,26,1.37,4.56,25
PROD001700,4.0,101607.48999999999,13358.88,114966.37,51,6,57,61,8,69,Plum Serum V3,Beauty,Plum,1821.86,8,145.75,1676.11,234,4.26,4.39,28
PROD001701,4.0,2132551.79,321926.70999999996,2454478.5,88,13,101,105,16,121,Nike T-shirt V6,Sports,Nike,34770.23,41,14255.79,20514.44,510,2.04,4.37,52
PROD001702,5.0,2630636.32,205913.09,2836549.4099999997,94,7,101,115,9,124,Puma Shoes V1,Sports,Puma,28570.27,19,5428.35,23141.92,36,0.69,4.43,51
PROD001703,4.0,857554.36,120130.45000000001,977684.81,83,11,94,100,14,114,Decathlon Cycle V6,Sports,Decathlon,16640.9,48,7987.63,8653.27,695,4.42,4.19,47
PROD001704,4.0,772056.6699999999,146345.48,918402.1499999999,83,14,97,96,18,114,Yoga Mat V10,Sports,Yoga,14792.48,45,6656.62,8135.86,113,1.08,4.45,47
PROD001705,4.0,2937735.94,227363.32,3165099.26,108,9,117,142,11,153,Dumbbells V9,Sports,Dumbbells,24832.17,16,3973.15,20859.02,153,3.88,4.38,55
PROD001706,5.0,26491.45,3111.02,29602.47,67,8,75,78,9,87,Fiction Novel V10,Books,Fiction,322.92,9,29.06,293.86,204,0.54,4.47,34
PROD001707,4.0,94652.81,6706.18,101358.98999999999,80,6,86,99,7,106,NCERT Book V7,Books,NCERT,1429.28,32,457.37,971.91,962,3.93,4.4,47
PROD001708,4.0,116911.35,10539.2,127450.55,69,6,75,78,7,85,Comics V10,Books,Comics,1840.26,17,312.84,1527.42,555,1.93,4.26,35
PROD001709,4.0,117617.58,3988.7699999999995,121606.35,72,3,75,90,3,93,Notebook V6,Books,Notebook,1846.65,28,517.06,1329.59,457,3.33,4.49,39
PROD001710,3.0,62119.840000000004,7456.0,69575.84,67,9,76,82,10,92,Stationery Set V10,Books,Stationery,870.0,12,104.4,765.6,572,4.63,4.34,35
PROD001711,4.0,162333.59,17540.05,179873.63999999998,119,12,131,159,17,176,Aashirvaad Atta V3,Grocery,Aashirvaad,1402.23,26,364.58,1037.65,640,2.51,4.42,74
PROD001712,3.0,152536.18000000002,18768.870000000003,171305.05000000002,91,11,102,113,14,127,Fortune Oil V10,Grocery,Fortune,1907.83,28,534.19,1373.64,127,0.44,4.19,48
PROD001713,4.0,182164.2,20751.42,202915.62,94,12,106,129,15,144,Lays Chips V8,Grocery,Lays,1879.19,24,451.01,1428.18,729,1.15,4.29,56
PROD001714,4.0,19696.2,2896.0,22592.2,106,16,122,134,19,153,Nescafe Coffee V4,Grocery,Nescafe,123.78,19,23.52,100.26,447,1.02,4.29,52
PROD001715,4.0,39953.549999999996,3531.84,43485.39,97,9,106,120,11,131,Haldiram Snacks V10,Grocery,Haldiram,580.81,49,284.6,296.21,466,4.18,4.37,51
PROD001716,5.0,14979623.479999999,1483657.5499999998,16463281.029999997,194,20,214,245,24,269,Samsung Mobile V4,Electronics,Samsung,82781.46,25,20695.37,62086.09,175,0.48,4.38,109
PROD001717,4.0,11406634.92,1792689.46,13199324.379999999,206,26,232,262,41,303,HP Laptop V3,Electronics,HP,67608.95,35,23663.13,43945.82,835,1.42,4.4,113
PROD001718,4.0,17304607.63,2295981.85,19600589.48,206,26,232,247,33,280,boAt Headphones V6,Electronics,boAt,99816.63,29,28946.82,70869.81,254,0.24,4.48,110
PROD001719,5.0,10253961.05,608665.93,10862626.98,202,14,216,268,16,284,Noise Watch V5,Electronics,Noise,62540.16,38,23765.26,38774.9,799,3.33,4.34,116
PROD001720,5.0,13213787.709999999,784341.0399999999,13998128.749999998,214,15,229,269,16,285,Apple iPhone V4,Electronics,Apple,64498.69,23,14834.7,49663.99,92,3.79,4.42,114
PROD001721,4.0,288042.3,30577.54,318619.83999999997,151,15,166,190,20,210,Levis Jeans V7,Fashion,Levis,2206.17,30,661.85,1544.32,50,3.16,4.45,83
PROD001722,5.0,2126999.9,225670.74,2352670.6399999997,165,18,183,209,22,231,Peter England Shirt V7,Fashion,Peter,11323.74,9,1019.14,10304.6,249,1.7,4.51,95
PROD001723,5.0,1698998.9900000002,228461.97000000003,1927460.9600000002,160,19,179,202,27,229,Nike Shoes V7,Fashion,Nike,9961.3,15,1494.19,8467.11,582,3.68,4.52,82
PROD001724,4.0,438682.86,70990.4,509673.26,142,22,164,166,27,193,Titan Watch V8,Fashion,Titan,3866.93,31,1198.75,2668.18,993,0.72,4.38,77
PROD001725,4.0,860571.28,80116.88,940688.16,157,16,173,194,18,212,Puma T-shirt V10,Fashion,Puma,5272.22,15,790.83,4481.39,348,3.05,4.3,79
PROD001726,5.0,1978591.41,65011.56,2043602.97,95,4,99,123,4,127,IKEA Chair V4,Home,IKEA,17693.36,8,1415.47,16277.89,289,2.68,4.54,52
PROD001727,5.0,1049439.6500000001,138932.58000000002,1188372.2300000002,113,15,128,144,19,163,Prestige Cooker V10,Home,Prestige,14790.7,50,7395.35,7395.35,223,0.46,4.48,63
PROD001728,4.0,1990513.91,102174.58,2092688.49,112,7,119,136,7,143,Philips Mixer V8,Home,Philips,18058.43,18,3250.52,14807.91,194,2.68,4.28,57
PROD001729,4.0,1683981.8800000001,225254.17,1909236.05,89,10,99,105,14,119,Godrej Almirah V9,Home,Godrej,20522.19,21,4309.66,16212.53,341,0.36,4.29,42
PROD001730,4.0,1654169.7,125708.5,1779878.2,114,10,124,145,11,156,Urban Ladder Sofa V4,Home,Urban,14064.5,18,2531.61,11532.89,653,4.13,4.48,56
PROD001731,4.0,13424.4,1030.01,14454.41,45,4,49,53,4,57,Lakme Lipstick V10,Beauty,Lakme,377.1,46,173.47,203.63,728,4.12,4.33,24
PROD001732,4.0,174421.4,5707.7,180129.1,49,2,51,61,2,63,Mamaearth Facewash V8,Beauty,Mamaearth,4683.63,38,1779.78,2903.85,41,0.54,4.36,25
PROD001733,5.0,95444.58,5187.8,100632.38,60,3,63,75,4,79,Nivea Cream V1,Beauty,Nivea,1601.17,19,304.22,1296.95,997,2.3,4.45,29
PROD001734,4.0,112580.97,3505.62,116086.59,57,2,59,65,2,67,Dove Soap V6,Beauty,Dove,3075.11,43,1322.3,1752.81,741,4.68,4.39,31
PROD001735,5.0,208899.63,18952.52,227852.15,67,6,73,87,8,95,Plum Serum V8,Beauty,Plum,2612.7,7,182.89,2429.81,236,3.39,4.53,36
PROD001736,5.0,79142.8,12525.05,91667.85,78,13,91,96,15,111,Nike T-shirt V4,Sports,Nike,895.39,6,53.72,841.67,131,2.92,4.32,47
PROD001737,5.0,1568914.6199999999,214662.36,1783576.98,83,11,94,103,14,117,Puma Shoes V8,Sports,Puma,26918.84,43,11575.1,15343.74,18,0.39,4.41,44
PROD001738,4.0,544095.13,36931.619999999995,581026.75,110,9,119,133,9,142,Decathlon Cycle V9,Sports,Decathlon,4560.02,9,410.4,4149.62,358,4.22,4.35,62
PROD001739,4.0,3254816.92,353297.67,3608114.59,88,13,101,120,13,133,Yoga Mat V3,Sports,Yoga,33418.19,18,6015.27,27402.92,480,3.24,4.41,41
PROD001740,3.0,1621837.5799999998,200368.84,1822206.42,96,11,107,114,14,128,Dumbbells V3,Sports,Dumbbells,21047.15,32,6735.09,14312.06,993,4.96,4.37,52
PROD001741,4.0,34550.01,2550.65,37100.66,68,5,73,81,6,87,Fiction Novel V7,Books,Fiction,419.02,6,25.14,393.88,580,4.67,4.16,43
PROD001742,4.0,130153.71,10636.8,140790.51,76,5,81,98,8,106,NCERT Book V6,Books,NCERT,1641.99,18,295.56,1346.43,226,1.77,4.36,36
PROD001743,5.0,42430.59,10359.97,52790.56,59,9,68,71,17,88,Comics V8,Books,Comics,781.29,22,171.88,609.41,635,2.08,4.48,33
PROD001744,4.0,119319.0,13489.2,132808.2,70,8,78,90,10,100,Notebook V1,Books,Notebook,1625.2,17,276.28,1348.92,372,3.31,4.4,35
PROD001745,4.0,132044.7,15103.720000000001,147148.42,69,7,76,87,10,97,Stationery Set V5,Books,Stationery,1939.25,20,387.85,1551.4,455,1.45,4.45,40
PROD001746,4.0,29319.52,2791.15,32110.670000000002,97,10,107,116,11,127,Aashirvaad Atta V8,Grocery,Aashirvaad,222.82,7,15.6,207.22,31,0.85,4.46,56
PROD001747,5.0,116226.92,10791.6,127018.52,103,10,113,128,12,140,Fortune Oil V6,Grocery,Fortune,1837.55,50,918.77,918.78,677,1.65,4.46,61
PROD001748,4.0,54706.21,10495.26,65201.47,92,16,108,108,21,129,Lays Chips V10,Grocery,Lays,490.32,5,24.52,465.8,659,0.85,4.42,52
PROD001749,4.0,211332.61,18720.12,230052.72999999998,122,10,132,158,14,172,Nescafe Coffee V3,Grocery,Nescafe,1761.73,23,405.2,1356.53,873,1.82,4.45,65
PROD001750,5.0,187111.21,26039.78,213150.99,108,16,124,131,18,149,Haldiram Snacks V8,Grocery,Haldiram,1792.85,19,340.64,1452.21,472,2.24,4.42,65
PROD001751,4.0,23231473.36,2665438.21,25896911.57,190,23,213,236,27,263,Samsung Mobile V10,Electronics,Samsung,127508.53,22,28051.88,99456.65,704,1.42,4.46,91
PROD001752,4.0,27774976.64,3159013.6799999997,30933990.32,211,26,237,264,30,294,HP Laptop V4,Electronics,HP,137682.55,23,31666.99,106015.56,137,4.55,4.4,105
PROD001753,4.0,2630210.6300000004,256013.93000000002,2886224.5600000005,211,19,230,259,25,284,boAt Headphones V6,Electronics,boAt,17142.83,40,6857.13,10285.7,890,0.71,4.44,111
PROD001754,4.0,10655521.14,851737.7999999999,11507258.940000001,219,17,236,278,22,300,Noise Watch V8,Electronics,Noise,44198.21,12,5303.79,38894.42,891,3.11,4.45,104
PROD001755,4.0,13359305.01,1846005.77,15205310.78,197,27,224,254,35,289,Apple iPhone V3,Electronics,Apple,59785.5,11,6576.4,53209.1,330,3.02,4.42,105
PROD001756,4.0,1691749.18,238795.08,1930544.26,132,19,151,170,24,194,Levis Jeans V6,Fashion,Levis,11813.9,15,1772.09,10041.81,171,0.86,4.42,69
PROD001757,4.0,1281406.08,153411.32,1434817.4000000001,160,14,174,200,24,224,Peter England Shirt V9,Fashion,Peter,9677.02,33,3193.42,6483.6,250,4.61,4.4,84
PROD001758,4.0,942255.42,95104.42,1037359.8400000001,176,15,191,219,22,241,Nike Shoes V7,Fashion,Nike,5961.37,27,1609.57,4351.8,323,2.54,4.29,84
PROD001759,4.0,277598.36,31386.82,308985.18,155,17,172,196,22,218,Titan Watch V7,Fashion,Titan,1699.24,15,254.89,1444.35,56,3.22,4.31,74
PROD001760,4.0,1634325.85,191951.94,1826277.79,177,22,199,221,26,247,Puma T-shirt V1,Fashion,Puma,14895.5,50,7447.75,7447.75,781,1.92,4.35,91
PROD001761,4.0,3238672.03,267558.77999999997,3506230.8099999996,105,8,113,132,11,143,IKEA Chair V9,Home,IKEA,48603.63,49,23815.78,24787.85,567,4.1,4.41,58
PROD001762,4.0,2300699.81,379642.71,2680342.52,82,14,96,108,18,126,Prestige Cooker V10,Home,Prestige,29381.83,27,7933.09,21448.74,691,4.61,4.35,46
PROD001763,4.0,5424396.57,745965.22,6170361.79,104,13,117,138,19,157,Philips Mixer V2,Home,Philips,41772.97,5,2088.65,39684.32,400,4.67,4.24,50
PROD001764,5.0,3561641.6199999996,206450.24,3768091.8599999994,113,8,121,139,8,147,Godrej Almirah V1,Home,Godrej,32273.47,20,6454.69,25818.78,901,4.58,4.52,63
PROD001765,4.0,811037.88,102472.56000000001,913510.4400000001,112,16,128,141,18,159,Urban Ladder Sofa V5,Home,Urban,9822.14,41,4027.08,5795.06,231,1.62,4.5,52
PROD001766,4.0,32004.32,11460.14,43464.46,38,9,47,47,17,64,Lakme Lipstick V4,Beauty,Lakme,886.0,22,194.92,691.08,939,2.38,4.12,16
PROD001767,4.0,265588.13,61976.43000000001,327564.56,52,13,65,63,15,78,Mamaearth Facewash V1,Beauty,Mamaearth,4943.97,14,692.16,4251.81,542,4.45,4.48,25
PROD001768,4.0,197613.08,19512.7,217125.78,61,6,67,80,8,88,Nivea Cream V3,Beauty,Nivea,3142.56,21,659.94,2482.62,663,4.4,4.38,32
PROD001769,4.0,115365.92,12882.76,128248.68,52,5,57,62,7,69,Dove Soap V6,Beauty,Dove,3763.12,50,1881.56,1881.56,664,1.17,4.18,28
PROD001770,4.0,176439.99,18570.89,195010.88,56,6,62,67,7,74,Plum Serum V9,Beauty,Plum,3509.56,24,842.29,2667.27,711,4.96,4.22,36
PROD001771,5.0,1811981.07,150609.31,1962590.3800000001,84,6,90,96,8,104,Nike T-shirt V7,Sports,Nike,25762.8,26,6698.33,19064.47,128,1.76,4.5,44
PROD001772,5.0,1328470.5999999999,99708.79999999999,1428179.4,103,10,113,135,10,145,Puma Shoes V9,Sports,Puma,18156.15,45,8170.27,9985.88,174,2.6,4.2,56
PROD001773,4.0,2026416.2700000003,168479.97,2194896.24,97,8,105,120,10,130,Decathlon Cycle V6,Sports,Decathlon,33398.69,49,16365.36,17033.33,730,3.8,4.34,50
PROD001774,5.0,2043741.3499999999,432596.42,2476337.77,80,19,99,104,22,126,Yoga Mat V7,Sports,Yoga,23351.13,15,3502.67,19848.46,404,0.98,4.55,40
PROD001775,4.0,1199870.52,143900.51,1343771.03,92,11,103,109,13,122,Dumbbells V5,Sports,Dumbbells,14130.16,21,2967.33,11162.83,364,1.3,4.41,54
PROD001776,4.0,40945.25,7225.82,48171.07,64,11,75,81,14,95,Fiction Novel V10,Books,Fiction,770.34,33,254.21,516.13,37,4.91,4.19,31
PROD001777,5.0,68248.33,7295.259999999999,75543.59,68,8,76,84,9,93,NCERT Book V7,Books,NCERT,970.95,15,145.64,825.31,548,0.24,4.56,43
PROD001778,5.0,39896.909999999996,2358.66,42255.56999999999,79,5,84,97,6,103,Comics V8,Books,Comics,444.56,16,71.13,373.43,41,3.74,4.47,43
PROD001779,4.0,84811.25,10535.22,95346.47,52,6,58,64,8,72,Notebook V7,Books,Notebook,1572.74,14,220.18,1352.56,927,0.58,4.17,29
PROD001780,4.0,27559.43,3781.97,31341.4,49,6,55,55,8,63,Stationery Set V9,Books,Stationery,685.9,34,233.21,452.69,481,4.59,4.35,23
PROD001781,3.0,218168.53,7833.9,226002.43,105,5,110,137,5,142,Aashirvaad Atta V1,Grocery,Aashirvaad,2475.33,35,866.37,1608.96,955,3.41,4.4,63
PROD001782,3.0,132820.33000000002,13068.730000000001,145889.06000000003,96,7,103,112,11,123,Fortune Oil V5,Grocery,Fortune,1327.63,9,119.49,1208.14,211,0.23,4.45,60
PROD001783,4.0,156087.91,17940.35,174028.26,85,13,98,113,13,126,Lays Chips V6,Grocery,Lays,1688.66,17,287.07,1401.59,331,0.58,4.36,44
PROD001784,4.0,100109.25,8969.789999999999,109079.04,87,9,96,109,10,119,Nescafe Coffee V7,Grocery,Nescafe,1214.33,23,279.3,935.03,304,1.9,4.41,46
PROD001785,3.0,135557.31,14820.44,150377.75,93,10,103,120,13,133,Haldiram Snacks V10,Grocery,Haldiram,2199.77,48,1055.89,1143.88,353,4.58,4.36,44
PROD001786,4.0,6368550.42,468012.05,6836562.47,202,17,219,260,19,279,Samsung Mobile V3,Electronics,Samsung,37539.05,34,12763.28,24775.77,506,4.05,4.24,98
PROD001787,4.0,15248306.870000001,1661189.4100000001,16909496.28,231,26,257,286,31,317,HP Laptop V10,Electronics,HP,62526.88,14,8753.76,53773.12,113,3.39,4.42,120
PROD001788,4.0,20182982.97,2547072.35,22730055.32,198,25,223,254,32,286,boAt Headphones V4,Electronics,boAt,146095.34,45,65742.9,80352.44,530,2.73,4.44,106
PROD001789,4.0,7383866.29,906826.08,8290692.37,203,26,229,261,32,293,Noise Watch V8,Electronics,Noise,48496.28,41,19883.47,28612.81,96,1.28,4.26,113
PROD001790,4.0,7456195.8100000005,989986.63,8446182.440000001,200,25,225,258,34,292,Apple iPhone V7,Electronics,Apple,36975.34,21,7764.82,29210.52,31,1.23,4.4,111
PROD001791,4.0,1797369.37,177006.13,1974375.5,162,16,178,202,20,222,Levis Jeans V8,Fashion,Levis,14520.72,38,5517.87,9002.85,676,4.07,4.32,92
PROD001792,5.0,1922942.88,260883.92,2183826.8,136,20,156,176,24,200,Peter England Shirt V7,Fashion,Peter,12373.01,11,1361.03,11011.98,295,0.89,4.42,72
PROD001793,4.0,247063.28999999998,33899.32,280962.61,156,18,174,198,27,225,Nike Shoes V3,Fashion,Nike,2230.44,43,959.09,1271.35,34,4.41,4.46,84
PROD001794,4.0,2257841.29,261504.62,2519345.91,143,18,161,189,22,211,Titan Watch V6,Fashion,Titan,14589.17,17,2480.16,12109.01,141,1.26,4.37,83
PROD001795,4.0,530066.16,61196.33,591262.49,175,18,193,216,25,241,Puma T-shirt V8,Fashion,Puma,2744.01,10,274.4,2469.61,493,2.43,4.39,105
PROD001796,5.0,3133128.35,401464.0,3534592.35,103,10,113,126,16,142,IKEA Chair V6,Home,IKEA,28192.7,11,3101.2,25091.5,327,0.34,4.4,57
PROD001797,4.0,1445712.71,198852.84,1644565.55,99,15,114,130,18,148,Prestige Cooker V3,Home,Prestige,13302.33,15,1995.35,11306.98,441,3.68,4.32,56
PROD001798,5.0,990943.23,150928.94,1141872.17,100,17,117,126,19,145,Philips Mixer V4,Home,Philips,10595.01,25,2648.75,7946.26,885,0.71,4.46,48
PROD001799,4.0,1152885.76,135451.52,1288337.28,115,13,128,137,16,153,Godrej Almirah V6,Home,Godrej,13247.22,36,4769.0,8478.22,639,1.68,4.48,61
PROD001800,4.0,3401474.07,453392.42,3854866.4899999998,86,9,95,105,14,119,Urban Ladder Sofa V5,Home,Urban,39298.99,17,6680.83,32618.16,436,3.78,4.29,49
PROD001801,4.0,13083.4,1066.32,14149.72,60,5,65,78,7,85,Lakme Lipstick V1,Beauty,Lakme,222.95,46,102.56,120.39,815,0.44,4.36,36
PROD001802,3.0,27855.94,4037.96,31893.899999999998,50,5,55,54,8,62,Mamaearth Facewash V1,Beauty,Mamaearth,859.69,39,335.28,524.41,918,1.32,4.15,26
PROD001803,4.0,244177.41999999998,22687.559999999998,266864.98,59,6,65,76,7,83,Nivea Cream V2,Beauty,Nivea,4321.44,25,1080.36,3241.08,551,2.44,4.27,26
PROD001804,4.0,134680.26,9600.449999999999,144280.71000000002,53,5,58,70,5,75,Dove Soap V4,Beauty,Dove,2425.11,20,485.02,1940.09,261,1.54,4.26,34
PROD001805,5.0,13120.380000000001,1816.54,14936.920000000002,60,8,68,75,10,85,Plum Serum V5,Beauty,Plum,182.29,31,56.51,125.78,699,3.63,4.39,28
PROD001806,4.0,541898.41,55612.490000000005,597510.9,98,10,108,125,13,138,Nike T-shirt V8,Sports,Nike,4617.69,5,230.88,4386.81,935,1.95,4.48,44
PROD001807,4.0,1202060.6400000001,177814.18,1379874.82,107,13,120,128,19,147,Puma Shoes V6,Sports,Puma,13583.97,30,4075.19,9508.78,173,4.09,4.4,55
PROD001808,3.0,1439269.84,114308.07,1553577.9100000001,102,5,107,126,10,136,Decathlon Cycle V2,Sports,Decathlon,13120.76,12,1574.49,11546.27,91,4.29,4.44,50
PROD001809,4.0,2523063.9,206007.19999999998,2729071.1,98,10,108,123,10,133,Yoga Mat V7,Sports,Yoga,28922.17,28,8098.21,20823.96,179,3.83,4.35,51
PROD001810,4.0,2714865.48,222174.44999999998,2937039.93,87,9,96,111,9,120,Dumbbells V3,Sports,Dumbbells,31248.16,21,6562.11,24686.05,141,3.19,4.46,39
PROD001811,3.0,22826.54,2315.62,25142.16,84,7,91,97,10,107,Fiction Novel V3,Books,Fiction,258.97,28,72.51,186.46,770,3.45,4.3,50
PROD001812,4.0,47526.2,5440.48,52966.67999999999,55,6,61,71,8,79,NCERT Book V8,Books,NCERT,1307.81,48,627.75,680.06,549,2.62,4.33,24
PROD001813,3.0,23362.67,6305.1900000000005,29667.86,69,14,83,81,23,104,Comics V2,Books,Comics,401.09,37,148.4,252.69,937,3.73,4.24,38
PROD001814,4.0,122590.72,11073.01,133663.73,70,8,78,96,9,105,Notebook V9,Books,Notebook,1532.81,16,245.25,1287.56,255,0.8,4.41,44
PROD001815,4.0,11330.74,1602.3100000000002,12933.05,61,9,70,82,11,93,Stationery Set V1,Books,Stationery,104.82,7,7.34,97.48,152,0.75,4.43,37
PROD001816,4.0,106046.64,13401.17,119447.81,105,15,120,132,17,149,Aashirvaad Atta V2,Grocery,Aashirvaad,1354.29,40,541.72,812.57,469,3.45,4.47,58
PROD001817,4.0,90984.16,13692.42,104676.58,104,15,119,127,19,146,Fortune Oil V8,Grocery,Fortune,821.33,11,90.35,730.98,393,2.35,4.3,60
PROD001818,4.0,233211.65,28516.17,261727.82,105,10,115,129,16,145,Lays Chips V5,Grocery,Lays,1924.17,5,96.21,1827.96,803,2.48,4.44,50
PROD001819,4.0,81820.08,8687.54,90507.62,98,11,109,123,13,136,Nescafe Coffee V5,Grocery,Nescafe,1083.52,37,400.9,682.62,176,3.73,4.44,50
PROD001820,5.0,44010.91,2579.71,46590.62,120,7,127,159,9,168,Haldiram Snacks V4,Grocery,Haldiram,363.22,35,127.13,236.09,805,1.93,4.31,68
PROD001821,4.0,17360737.29,1473424.81,18834162.099999998,228,20,248,284,24,308,Samsung Mobile V2,Electronics,Samsung,104501.44,41,42845.59,61655.85,27,0.69,4.36,124
PROD001822,5.0,3458780.29,381306.48,3840086.77,204,21,225,238,26,264,HP Laptop V10,Electronics,HP,21572.76,32,6903.28,14669.48,659,3.18,4.37,107
PROD001823,5.0,2393197.66,301158.77,2694356.43,215,26,241,263,33,296,boAt Headphones V5,Electronics,boAt,10316.48,11,1134.81,9181.67,15,4.48,4.32,117
PROD001824,4.0,7572813.41,489790.32999999996,8062603.74,234,17,251,291,19,310,Noise Watch V10,Electronics,Noise,36079.71,27,9741.52,26338.19,262,4.36,4.55,137
PROD001825,4.0,10743569.690000001,1806246.2100000002,12549815.900000002,195,30,225,255,43,298,Apple iPhone V5,Electronics,Apple,74567.44,43,32064.0,42503.44,241,2.36,4.36,87
PROD001826,4.0,552378.88,54647.27,607026.15,159,17,176,193,19,212,Levis Jeans V5,Fashion,Levis,3657.38,21,768.05,2889.33,630,2.84,4.42,90
PROD001827,4.0,661168.64,89169.68000000001,750338.3200000001,159,22,181,206,28,234,Peter England Shirt V7,Fashion,Peter,5695.04,43,2448.87,3246.17,985,2.84,4.48,84
PROD001828,5.0,1136450.12,135900.25,1272350.37,168,19,187,212,25,237,Nike Shoes V2,Fashion,Nike,5787.24,6,347.23,5440.01,69,0.21,4.38,91
PROD001829,4.0,463807.93999999994,46249.28,510057.22,179,17,196,217,22,239,Titan Watch V9,Fashion,Titan,3258.22,34,1107.79,2150.43,844,3.96,4.39,99
PROD001830,4.0,369103.58,33727.5,402831.08,167,17,184,218,20,238,Puma T-shirt V5,Fashion,Puma,2315.56,26,602.05,1713.51,626,2.45,4.49,81
PROD001831,4.0,2207884.12,400567.58,2608451.7,98,18,116,121,22,143,IKEA Chair V7,Home,IKEA,21120.3,13,2745.64,18374.66,48,1.48,4.49,53
PROD001832,4.0,3694601.56,444484.95,4139086.5100000002,99,11,110,126,15,141,Prestige Cooker V7,Home,Prestige,31191.93,5,1559.6,29632.33,525,3.64,4.5,50
PROD001833,4.0,337891.25999999995,21304.23,359195.48999999993,117,7,124,143,9,152,Philips Mixer V6,Home,Philips,3589.51,33,1184.54,2404.97,165,4.09,4.23,57
PROD001834,4.0,2885107.25,239522.3,3124629.55,104,8,112,134,11,145,Godrej Almirah V7,Home,Godrej,31113.29,30,9333.99,21779.3,485,3.92,4.5,54
PROD001835,4.0,2680807.05,219187.65,2899994.6999999997,114,11,125,146,12,158,Urban Ladder Sofa V6,Home,Urban,25617.14,28,7172.8,18444.34,926,4.25,4.49,65
PROD001836,4.0,198765.79,31559.56,230325.35,52,7,59,56,9,65,Lakme Lipstick V5,Beauty,Lakme,4141.79,13,538.43,3603.36,256,3.93,4.21,28
PROD001837,5.0,128189.52,29264.2,157453.72,41,6,47,44,10,54,Mamaearth Facewash V1,Beauty,Mamaearth,4692.03,37,1736.05,2955.98,312,1.4,4.2,20
PROD001838,5.0,13771.22,1967.96,15739.18,47,7,54,66,9,75,Nivea Cream V6,Beauty,Nivea,235.08,31,72.87,162.21,926,0.26,4.67,30
PROD001839,4.0,218766.67,21459.850000000002,240226.52000000002,56,6,62,70,7,77,Dove Soap V9,Beauty,Dove,4045.97,22,890.11,3155.86,900,0.21,4.27,30
PROD001840,4.0,24501.41,2119.32,26620.73,56,5,61,76,7,83,Plum Serum V9,Beauty,Plum,514.77,43,221.35,293.42,512,4.71,4.56,36
PROD001841,4.0,1515486.7,190650.52000000002,1706137.22,81,9,90,104,13,117,Nike T-shirt V2,Sports,Nike,18707.74,21,3928.63,14779.11,560,4.96,4.37,41
PROD001842,5.0,772587.33,106564.84,879152.1699999999,87,13,100,109,15,124,Puma Shoes V2,Sports,Puma,12789.41,44,5627.34,7162.07,147,3.64,4.43,46
PROD001843,4.0,1211798.02,88687.66,1300485.68,112,9,121,137,10,147,Decathlon Cycle V5,Sports,Decathlon,11204.25,20,2240.85,8963.4,174,4.21,4.37,54
PROD001844,4.0,988408.72,42712.6,1031121.32,96,5,101,112,5,117,Yoga Mat V1,Sports,Yoga,9887.18,10,988.72,8898.46,12,3.33,4.43,46
PROD001845,4.0,1168502.26,137541.52,1306043.78,82,11,93,110,13,123,Dumbbells V1,Sports,Dumbbells,13791.22,22,3034.07,10757.15,71,1.4,4.38,53
PROD001846,4.0,35344.52,1619.3899999999999,36963.909999999996,76,4,80,93,4,97,Fiction Novel V10,Books,Fiction,372.27,8,29.78,342.49,326,4.74,4.51,35
PROD001847,5.0,26849.01,2219.74,29068.75,70,7,77,92,7,99,NCERT Book V1,Books,NCERT,493.07,47,231.74,261.33,250,4.03,4.42,40
PROD001848,4.0,78585.87000000001,4500.360000000001,83086.23000000001,68,4,72,87,5,92,Comics V6,Books,Comics,1766.24,48,847.8,918.44,570,4.07,4.4,35
PROD001849,4.0,32050.97,395.97,32446.940000000002,73,1,74,93,1,94,Notebook V2,Books,Notebook,620.08,50,310.04,310.04,814,4.68,4.29,42
PROD001850,5.0,113786.23,6353.75,120139.98,69,5,74,91,5,96,Stationery Set V8,Books,Stationery,1427.81,11,157.06,1270.75,72,4.45,4.53,40
PROD001851,4.0,73988.25,4516.1900000000005,78504.44,116,7,123,144,9,153,Aashirvaad Atta V8,Grocery,Aashirvaad,622.78,23,143.24,479.54,641,2.99,4.37,68
PROD001852,5.0,68306.03,8561.1,76867.13,114,13,127,136,17,153,Fortune Oil V3,Grocery,Fortune,752.51,38,285.95,466.56,757,1.97,4.41,69
PROD001853,5.0,163370.58,18439.4,181809.97999999998,102,10,112,142,16,158,Lays Chips V7,Grocery,Lays,1341.44,13,174.39,1167.05,784,0.64,4.52,63
PROD001854,4.0,245642.41,38067.3,283709.71,98,15,113,123,19,142,Nescafe Coffee V10,Grocery,Nescafe,2552.78,21,536.08,2016.7,792,3.75,4.46,57
PROD001855,4.0,104189.0,4698.76,108887.76,122,6,128,155,7,162,Haldiram Snacks V1,Grocery,Haldiram,932.85,27,251.87,680.98,653,1.52,4.31,62
PROD001856,4.0,15741745.459999999,1604338.71,17346084.169999998,216,21,237,253,26,279,Samsung Mobile V4,Electronics,Samsung,125350.69,50,62675.35,62675.34,932,3.0,4.47,117
PROD001857,4.0,16937006.98,1370606.92,18307613.9,207,13,220,262,21,283,HP Laptop V5,Electronics,HP,85890.16,24,20613.64,65276.52,122,3.04,4.45,129
PROD001858,4.0,10775037.649999999,1043461.33,11818498.979999999,205,20,225,236,23,259,boAt Headphones V8,Electronics,boAt,55393.1,17,9416.83,45976.27,767,2.8,4.36,112
PROD001859,4.0,20375114.369999997,2022682.38,22397796.749999996,206,17,223,263,26,289,Noise Watch V8,Electronics,Noise,143100.99,45,64395.45,78705.54,456,3.16,4.39,104
PROD001860,5.0,27448026.41,2028881.3399999999,29476907.75,223,17,240,284,21,305,Apple iPhone V7,Electronics,Apple,102681.24,5,5134.06,97547.18,346,1.92,4.42,114
PROD001861,4.0,1510500.53,84658.03,1595158.56,177,10,187,214,12,226,Levis Jeans V4,Fashion,Levis,10163.03,30,3048.91,7114.12,566,0.22,4.4,97
PROD001862,4.0,1015175.06,74367.09000000001,1089542.1500000001,169,13,182,205,15,220,Peter England Shirt V4,Fashion,Peter,6450.72,22,1419.16,5031.56,526,3.45,4.38,93
PROD001863,4.0,1908644.53,243206.48,2151851.0100000002,143,16,159,181,23,204,Nike Shoes V9,Fashion,Nike,11729.15,9,1055.62,10673.53,541,0.66,4.45,80
PROD001864,3.0,1898305.2200000002,215390.80000000002,2113696.02,155,16,171,186,21,207,Titan Watch V7,Fashion,Titan,13926.73,26,3620.95,10305.78,969,3.74,4.46,91
PROD001865,4.0,1024261.63,82224.44,1106486.07,149,13,162,187,15,202,Puma T-shirt V10,Fashion,Puma,6350.72,13,825.59,5525.13,746,1.41,4.47,83
PROD001866,5.0,3713829.24,577162.05,4290991.29,92,11,103,111,17,128,IKEA Chair V7,Home,IKEA,38583.69,12,4630.04,33953.65,598,2.13,4.54,46
PROD001867,4.0,5550803.78,499985.48,6050789.26,106,10,116,146,13,159,Prestige Cooker V7,Home,Prestige,48698.68,21,10226.72,38471.96,433,2.19,4.41,59
PROD001868,3.0,157084.75,21997.22,179081.97,112,16,128,135,19,154,Philips Mixer V6,Home,Philips,1712.57,31,530.9,1181.67,639,2.67,4.41,64
PROD001869,5.0,1965971.75,254799.3,2220771.05,95,11,106,108,14,122,Godrej Almirah V2,Home,Godrej,23084.18,20,4616.84,18467.34,989,4.98,4.3,54
PROD001870,4.0,3703772.33,420136.16,4123908.49,99,12,111,125,14,139,Urban Ladder Sofa V5,Home,Urban,48420.06,38,18399.62,30020.44,114,2.89,4.38,53
PROD001871,5.0,44020.72,3728.0699999999997,47748.79,60,7,67,83,7,90,Lakme Lipstick V10,Beauty,Lakme,621.04,13,80.74,540.3,99,1.46,4.4,35
PROD001872,4.0,192468.96000000002,24669.73,217138.69000000003,55,6,61,68,9,77,Mamaearth Facewash V5,Beauty,Mamaearth,3486.09,18,627.5,2858.59,147,1.2,4.21,28
PROD001873,4.0,233829.24000000002,13319.08,247148.32,57,4,61,70,4,74,Nivea Cream V2,Beauty,Nivea,3712.12,8,296.97,3415.15,542,2.4,4.36,28
PROD001874,4.0,143500.7,26818.61,170319.31,58,10,68,70,13,83,Dove Soap V9,Beauty,Dove,3944.5,47,1853.91,2090.59,115,1.6,4.38,34
PROD001875,4.0,100444.90000000001,14610.550000000001,115055.45000000001,50,6,56,62,9,71,Plum Serum V9,Beauty,Plum,2468.1,34,839.15,1628.95,841,0.79,4.48,23
PROD001876,4.0,2887030.32,219875.56,3106905.88,101,10,111,130,10,140,Nike T-shirt V3,Sports,Nike,32545.93,31,10089.24,22456.69,307,1.0,4.43,53
PROD001877,4.0,3111767.81,381468.69,3493236.5,87,9,96,108,13,121,Puma Shoes V1,Sports,Puma,34138.52,14,4779.39,29359.13,98,4.05,4.33,46
PROD001878,4.0,1692692.66,271900.74,1964593.4,66,12,78,82,13,95,Decathlon Cycle V6,Sports,Decathlon,23252.2,10,2325.22,20926.98,870,1.03,4.46,37
PROD001879,5.0,1697056.2,167546.93,1864603.13,86,8,94,113,11,124,Yoga Mat V6,Sports,Yoga,25831.57,41,10590.94,15240.63,907,4.7,4.36,50
PROD001880,4.0,2890024.15,624126.4,3514150.55,82,14,96,97,21,118,Dumbbells V4,Sports,Dumbbells,34114.21,12,4093.71,30020.5,916,1.13,4.4,45
PROD001881,4.0,21463.85,1093.71,22557.559999999998,85,5,90,104,5,109,Fiction Novel V7,Books,Fiction,186.61,14,26.13,160.48,517,4.81,4.38,42
PROD001882,4.0,90498.64,6060.4,96559.04,72,5,77,90,6,96,NCERT Book V2,Books,NCERT,1851.63,45,833.23,1018.4,117,1.44,4.55,42
PROD001883,3.0,72722.5,4048.1,76770.6,74,5,79,89,5,94,Comics V8,Books,Comics,1238.24,33,408.62,829.62,677,4.62,4.46,37
PROD001884,5.0,35470.62,4391.78,39862.4,69,7,76,92,12,104,Notebook V3,Books,Notebook,511.14,31,158.45,352.69,64,1.75,4.53,40
PROD001885,4.0,84073.67,12125.7,96199.37,66,7,73,77,11,88,Stationery Set V3,Books,Stationery,1444.74,23,332.29,1112.45,208,3.58,4.5,32
PROD001886,4.0,289258.43,28154.280000000002,317412.71,126,14,140,163,16,179,Aashirvaad Atta V6,Grocery,Aashirvaad,1947.19,8,155.78,1791.41,652,0.59,4.41,68
PROD001887,5.0,87072.39,4845.4,91917.79,98,7,105,125,7,132,Fortune Oil V10,Grocery,Fortune,1131.05,37,418.49,712.56,581,0.56,4.53,49
PROD001888,5.0,166487.9,21606.0,188093.9,104,14,118,132,17,149,Lays Chips V6,Grocery,Lays,1348.86,5,67.44,1281.42,863,0.97,4.41,49
PROD001889,4.0,129463.74,13375.630000000001,142839.37,98,9,107,124,13,137,Nescafe Coffee V1,Grocery,Nescafe,1521.44,30,456.43,1065.01,742,3.41,4.43,65
PROD001890,4.0,263639.5,16629.120000000003,280268.62,103,6,109,126,8,134,Haldiram Snacks V7,Grocery,Haldiram,2750.14,23,632.53,2117.61,192,0.85,4.38,63
PROD001891,5.0,6704524.54,777351.63,7481876.17,221,28,249,287,33,320,Samsung Mobile V1,Electronics,Samsung,46188.45,49,22632.34,23556.11,52,2.89,4.45,130
PROD001892,4.0,6874923.68,768247.72,7643171.399999999,202,19,221,258,29,287,HP Laptop V5,Electronics,HP,33588.19,20,6717.64,26870.55,604,3.11,4.52,106
PROD001893,4.0,4737686.680000001,326390.2,5064076.880000001,207,17,224,264,18,282,boAt Headphones V8,Electronics,boAt,27490.76,34,9346.86,18143.9,990,3.32,4.4,102
PROD001894,4.0,2756152.52,325514.60000000003,3081667.12,218,26,244,265,31,296,Noise Watch V10,Electronics,Noise,17240.33,39,6723.73,10516.6,417,1.5,4.35,125
PROD001895,4.0,14834695.74,2670215.24,17504910.98,206,34,240,257,46,303,Apple iPhone V2,Electronics,Apple,79700.22,27,21519.06,58181.16,207,1.94,4.46,110
PROD001896,3.0,1970927.25,242468.71000000002,2213395.96,147,18,165,188,23,211,Levis Jeans V6,Fashion,Levis,13937.52,24,3345.0,10592.52,75,0.75,4.47,79
PROD001897,4.0,1119346.3800000001,179546.72,1298893.1,161,24,185,202,32,234,Peter England Shirt V10,Fashion,Peter,10592.37,47,4978.41,5613.96,276,2.08,4.38,89
PROD001898,4.0,701050.39,121726.17,822776.56,156,29,185,202,35,237,Nike Shoes V7,Fashion,Nike,4167.56,16,666.81,3500.75,932,0.45,4.26,81
PROD001899,4.0,493093.95999999996,58204.54,551298.5,152,18,170,186,22,208,Titan Watch V4,Fashion,Titan,3852.82,30,1155.85,2696.97,490,1.8,4.29,80
PROD001900,4.0,2113967.54,180700.24,2294667.7800000003,155,12,167,189,16,205,Puma T-shirt V10,Fashion,Puma,14128.92,20,2825.78,11303.14,342,2.58,4.42,72
PROD001901,4.0,6845906.22,528781.17,7374687.39,128,12,140,169,13,182,IKEA Chair V2,Home,IKEA,47672.72,14,6674.18,40998.54,521,2.35,4.39,69
PROD001902,4.0,2530642.02,364904.62,2895546.64,100,13,113,126,18,144,Prestige Cooker V3,Home,Prestige,38270.93,47,17987.34,20283.59,600,2.99,4.26,47
PROD001903,3.0,4631939.8,403554.52,5035494.32,116,12,128,146,13,159,Philips Mixer V3,Home,Philips,33726.36,5,1686.32,32040.04,884,1.2,4.33,67
PROD001904,4.0,1510895.57,258746.21000000002,1769641.78,118,15,133,147,25,172,Godrej Almirah V9,Home,Godrej,18563.26,44,8167.83,10395.43,882,2.11,4.48,60
PROD001905,4.0,3270010.52,416153.82,3686164.34,103,11,114,126,16,142,Urban Ladder Sofa V3,Home,Urban,46754.7,44,20572.07,26182.63,665,4.65,4.37,54
PROD001906,4.0,82301.18,14627.43,96928.60999999999,48,7,55,51,9,60,Lakme Lipstick V10,Beauty,Lakme,2500.42,35,875.15,1625.27,64,2.28,4.41,32
PROD001907,5.0,28763.75,3529.04,32292.79,62,7,69,76,10,86,Mamaearth Facewash V6,Beauty,Mamaearth,400.18,16,64.03,336.15,545,2.67,4.46,35
PROD001908,4.0,140218.67,19819.59,160038.26,55,8,63,64,9,73,Nivea Cream V1,Beauty,Nivea,3050.58,27,823.66,2226.92,663,0.58,4.32,34
PROD001909,5.0,65348.93,946.9,66295.83,57,1,58,70,1,71,Dove Soap V3,Beauty,Dove,1127.26,16,180.36,946.9,603,0.65,4.55,31
PROD001910,4.0,101346.94,8566.529999999999,109913.47,68,6,74,84,7,91,Plum Serum V1,Beauty,Plum,1406.66,13,182.87,1223.79,774,2.55,4.46,39
PROD001911,5.0,2571330.1100000003,212347.2,2783677.3100000005,98,8,106,122,10,132,Nike T-shirt V8,Sports,Nike,23340.35,9,2100.63,21239.72,148,0.3,4.46,56
PROD001912,5.0,2062702.96,146196.7,2208899.66,103,9,112,126,9,135,Puma Shoes V2,Sports,Puma,22525.27,27,6081.82,16443.45,747,3.78,4.47,59
PROD001913,5.0,196348.34,17826.31,214174.65,92,9,101,109,10,119,Decathlon Cycle V2,Sports,Decathlon,3203.31,43,1377.42,1825.89,871,1.81,4.33,57
PROD001914,4.0,1926288.12,487741.9,2414030.02,75,19,94,92,23,115,Yoga Mat V4,Sports,Yoga,25077.93,15,3761.69,21316.24,323,2.72,4.28,32
PROD001915,3.0,905182.19,176227.27,1081409.46,88,16,104,107,21,128,Dumbbells V9,Sports,Dumbbells,14433.58,41,5917.77,8515.81,107,3.3,4.54,48
PROD001916,5.0,78638.8,11955.88,90594.68000000001,65,9,74,80,12,92,Fiction Novel V5,Books,Fiction,1887.72,47,887.23,1000.49,619,1.49,4.43,37
PROD001917,5.0,44943.42,9320.59,54264.009999999995,68,13,81,73,15,88,NCERT Book V2,Books,NCERT,1049.62,40,419.85,629.77,187,4.05,4.4,35
PROD001918,4.0,93764.91,16292.44,110057.35,60,12,72,69,12,81,Comics V4,Books,Comics,1526.58,9,137.39,1389.19,712,2.56,4.42,31
PROD001919,4.0,46259.44,5480.67,51740.11,59,7,66,75,9,84,Notebook V7,Books,Notebook,893.76,30,268.13,625.63,786,4.71,4.5,32
PROD001920,5.0,38563.16,3568.03,42131.19,60,7,67,80,7,87,Stationery Set V4,Books,Stationery,603.59,26,156.93,446.66,705,1.98,4.53,36
PROD001921,4.0,204873.12,7712.65,212585.77,106,5,111,132,5,137,Aashirvaad Atta V9,Grocery,Aashirvaad,2349.27,33,775.26,1574.01,23,3.76,4.51,68
PROD001922,5.0,115717.39,15545.869999999999,131263.26,93,13,106,112,15,127,Fortune Oil V7,Grocery,Fortune,1258.06,16,201.29,1056.77,425,0.92,4.47,55
PROD001923,5.0,153465.89,13927.54,167393.43000000002,99,9,108,123,11,134,Lays Chips V5,Grocery,Lays,2532.28,50,1266.14,1266.14,463,4.63,4.57,54
PROD001924,5.0,68151.14,9229.78,77380.92,117,15,132,135,19,154,Nescafe Coffee V7,Grocery,Nescafe,784.32,41,321.57,462.75,762,2.15,4.25,60
PROD001925,4.0,130682.98,20933.46,151616.44,90,14,104,114,18,132,Haldiram Snacks V4,Grocery,Haldiram,2236.49,48,1073.52,1162.97,77,2.16,4.5,48
PROD001926,4.0,11933520.8,1648825.9,13582346.700000001,208,27,235,261,36,297,Samsung Mobile V10,Electronics,Samsung,81029.82,43,34842.82,46187.0,831,3.38,4.41,116
PROD001927,5.0,19667893.88,1686145.7,21354039.58,197,18,215,246,21,267,HP Laptop V1,Electronics,HP,132261.01,39,51581.79,80679.22,759,1.58,4.45,117
PROD001928,4.0,7866930.68,617639.78,8484570.459999999,198,17,215,243,19,262,boAt Headphones V5,Electronics,boAt,54478.81,40,21791.52,32687.29,514,3.77,4.5,111
PROD001929,4.0,22279681.58,2474560.6999999997,24754242.279999997,232,22,254,281,31,312,Noise Watch V5,Electronics,Noise,116453.07,31,36100.45,80352.62,78,1.68,4.37,134
PROD001930,4.0,12310199.5,1447543.28,13757742.78,218,23,241,263,31,294,Apple iPhone V5,Electronics,Apple,63086.85,25,15771.71,47315.14,254,2.24,4.4,126
PROD001931,4.0,1027574.08,140681.09999999998,1168255.18,166,26,192,204,28,232,Levis Jeans V3,Fashion,Levis,7249.8,30,2174.94,5074.86,401,0.71,4.47,88
PROD001932,4.0,127096.2,16177.999999999998,143274.19999999998,158,21,179,190,24,214,Peter England Shirt V3,Fashion,Peter,990.12,31,306.94,683.18,140,1.77,4.42,78
PROD001933,5.0,1424613.75,190307.96,1614921.71,174,22,196,218,29,247,Nike Shoes V2,Fashion,Nike,7782.19,15,1167.33,6614.86,79,1.68,4.38,95
PROD001934,4.0,1087345.76,97117.28,1184463.04,140,14,154,180,16,196,Titan Watch V9,Fashion,Titan,10721.32,43,4610.17,6111.15,360,1.56,4.39,66
PROD001935,4.0,1336247.89,85851.22,1422099.1099999999,167,11,178,204,13,217,Puma T-shirt V4,Fashion,Puma,10482.44,37,3878.5,6603.94,649,2.68,4.35,86
PROD001936,5.0,2446496.37,304242.7,2750739.0700000003,118,14,132,148,19,167,IKEA Chair V3,Home,IKEA,29176.76,43,12546.01,16630.75,185,0.98,4.51,63
PROD001937,4.0,731584.0,94503.93,826087.9299999999,130,14,144,162,21,183,Prestige Cooker V3,Home,Prestige,4872.23,6,292.33,4579.9,323,2.55,4.44,73
PROD001938,5.0,1108433.47,177790.1,1286223.57,88,14,102,106,17,123,Philips Mixer V7,Home,Philips,11506.22,8,920.5,10585.72,703,1.22,4.67,48
PROD001939,4.0,2672490.66,210638.23,2883128.89,115,8,123,141,11,152,Godrej Almirah V5,Home,Godrej,22010.27,13,2861.34,19148.93,384,4.56,4.48,54
PROD001940,3.0,3391074.03,307498.44,3698572.4699999997,99,11,110,133,12,145,Urban Ladder Sofa V2,Home,Urban,41350.6,38,15713.23,25637.37,550,3.56,4.23,56
PROD001941,5.0,128903.3,9175.79,138079.09,55,4,59,68,5,73,Lakme Lipstick V5,Beauty,Lakme,2496.15,23,574.11,1922.04,696,4.56,4.33,33
PROD001942,4.0,132486.66,11493.64,143980.3,56,5,61,70,6,76,Mamaearth Facewash V9,Beauty,Mamaearth,2435.37,21,511.43,1923.94,471,0.74,4.35,31
PROD001943,4.0,277541.76,18903.800000000003,296445.56,58,5,63,74,5,79,Nivea Cream V3,Beauty,Nivea,4076.09,7,285.33,3790.76,831,3.25,4.32,28
PROD001944,5.0,194390.44999999998,32914.479999999996,227304.93,43,7,50,54,9,63,Dove Soap V3,Beauty,Dove,4309.08,15,646.36,3662.72,663,1.56,4.52,25
PROD001945,4.0,17618.079999999998,1313.05,18931.129999999997,43,4,47,55,4,59,Plum Serum V10,Beauty,Plum,362.84,18,65.31,297.53,454,3.53,4.32,22
PROD001946,4.0,2096207.06,210649.85,2306856.91,101,12,113,130,13,143,Nike T-shirt V5,Sports,Nike,21793.26,25,5448.31,16344.95,463,4.66,4.29,49
PROD001947,4.0,1349068.19,208043.43,1557111.6199999999,92,15,107,116,18,134,Puma Shoes V10,Sports,Puma,14415.43,18,2594.78,11820.65,424,0.21,4.35,48
PROD001948,5.0,2785719.46,374296.48,3160015.94,81,10,91,104,14,118,Decathlon Cycle V9,Sports,Decathlon,34782.28,22,7652.1,27130.18,868,4.06,4.52,50
PROD001949,4.0,1767964.17,156753.94,1924718.1099999999,96,7,103,124,11,135,Yoga Mat V5,Sports,Yoga,20855.46,31,6465.19,14390.27,903,2.92,4.37,41
PROD001950,4.0,1017155.75,130957.75,1148113.5,104,12,116,131,17,148,Dumbbells V8,Sports,Dumbbells,8917.92,12,1070.15,7847.77,725,2.13,4.28,50
PROD001951,5.0,25851.93,3603.6000000000004,29455.53,77,8,85,86,13,99,Fiction Novel V3,Books,Fiction,365.67,32,117.01,248.66,640,3.75,4.39,38
PROD001952,3.0,13036.98,993.64,14030.619999999999,78,5,83,98,8,106,NCERT Book V3,Books,NCERT,116.96,31,36.26,80.7,360,4.57,4.4,42
PROD001953,4.0,36679.25,6359.9400000000005,43039.19,65,11,76,82,14,96,Comics V6,Books,Comics,590.57,30,177.17,413.4,947,3.56,4.19,37
PROD001954,5.0,30455.170000000002,5621.49,36076.66,67,10,77,82,16,98,Notebook V1,Books,Notebook,455.21,27,122.91,332.3,666,3.76,4.66,35
PROD001955,4.0,74846.91,11509.21,86356.12,56,8,64,70,11,81,Stationery Set V10,Books,Stationery,1350.37,20,270.07,1080.3,546,0.68,4.28,32
PROD001956,5.0,168426.13,18282.33,186708.46000000002,106,12,118,129,14,143,Aashirvaad Atta V8,Grocery,Aashirvaad,1520.08,13,197.61,1322.47,206,2.47,4.26,62
PROD001957,4.0,225351.06,20124.84,245475.9,119,11,130,158,14,172,Fortune Oil V6,Grocery,Fortune,1832.69,21,384.86,1447.83,342,0.5,4.45,56
PROD001958,4.0,159279.65,18073.82,177353.47,96,11,107,125,14,139,Lays Chips V6,Grocery,Lays,1602.63,19,304.5,1298.13,10,3.28,4.52,50
PROD001959,4.0,201647.26,19388.7,221035.96000000002,90,9,99,115,11,126,Nescafe Coffee V2,Grocery,Nescafe,2615.85,32,837.07,1778.78,38,1.41,4.35,57
PROD001960,4.0,262759.9,25585.1,288345.0,113,9,122,124,12,136,Haldiram Snacks V7,Grocery,Haldiram,2872.28,25,718.07,2154.21,841,3.7,4.45,58
PROD001961,4.0,9981755.49,1645858.41,11627613.9,179,27,206,218,36,254,Samsung Mobile V8,Electronics,Samsung,48537.77,5,2426.89,46110.88,994,4.79,4.38,96
PROD001962,4.0,26204589.419999998,2510617.05,28715206.47,219,21,240,262,25,287,HP Laptop V5,Electronics,HP,109600.01,8,8768.0,100832.01,293,4.38,4.34,116
PROD001963,5.0,23199716.43,1794604.0399999998,24994320.47,216,19,235,256,20,276,boAt Headphones V9,Electronics,boAt,125426.62,27,33865.19,91561.43,404,5.0,4.32,117
PROD001964,5.0,16295166.25,1491144.5,17786310.75,218,22,240,276,25,301,Noise Watch V3,Electronics,Noise,70178.56,15,10526.78,59651.78,744,0.52,4.37,108
PROD001965,4.0,7737862.55,917858.16,8655720.709999999,211,28,239,272,32,304,Apple iPhone V1,Electronics,Apple,51394.32,44,22613.5,28780.82,755,4.22,4.43,100
PROD001966,4.0,455010.35,60602.77,515613.12,163,19,182,205,27,232,Levis Jeans V7,Fashion,Levis,3416.29,34,1161.54,2254.75,631,4.61,4.48,87
PROD001967,5.0,1355028.23,120783.62,1475811.85,148,13,161,192,17,209,Peter England Shirt V4,Fashion,Peter,11911.6,40,4764.64,7146.96,902,4.75,4.51,80
PROD001968,5.0,867496.43,88314.53,955810.9600000001,178,17,195,225,23,248,Nike Shoes V7,Fashion,Nike,6748.9,42,2834.54,3914.36,439,3.73,4.39,82
PROD001969,5.0,1410922.75,89120.70999999999,1500043.46,155,11,166,187,12,199,Titan Watch V7,Fashion,Titan,9197.89,17,1563.64,7634.25,754,1.82,4.48,85
PROD001970,4.0,1581219.1900000002,235817.44,1817036.6300000001,154,24,178,187,28,215,Puma T-shirt V10,Fashion,Puma,10051.9,15,1507.79,8544.11,700,4.35,4.34,74
PROD001971,5.0,1543670.9600000002,175350.97,1719021.9300000002,101,10,111,122,14,136,IKEA Chair V10,Home,IKEA,14724.47,13,1914.18,12810.29,848,2.32,4.5,58
PROD001972,4.0,1742615.74,233269.96,1975885.7,93,12,105,116,16,132,Prestige Cooker V3,Home,Prestige,19173.92,21,4026.52,15147.4,915,4.55,4.36,55
PROD001973,4.0,448949.86,48311.72,497261.57999999996,128,14,142,159,17,176,Philips Mixer V9,Home,Philips,3251.86,12,390.22,2861.64,805,2.21,4.38,78
PROD001974,5.0,4448308.48,644331.77,5092640.25,120,17,137,145,21,166,Godrej Almirah V5,Home,Godrej,34210.96,9,3078.99,31131.97,795,4.93,4.52,60
PROD001975,4.0,3128823.85,314293.43,3443117.2800000003,106,9,115,131,13,144,Urban Ladder Sofa V6,Home,Urban,37787.67,36,13603.56,24184.11,345,2.09,4.46,56
PROD001976,4.0,15913.17,4060.89,19974.06,44,10,54,53,14,67,Lakme Lipstick V9,Beauty,Lakme,437.6,43,188.17,249.43,512,1.11,4.47,15
PROD001977,4.0,49376.51,10134.06,59510.57,46,8,54,54,11,65,Mamaearth Facewash V3,Beauty,Mamaearth,1191.96,22,262.23,929.73,975,0.23,4.36,22
PROD001978,4.0,16316.59,1250.8,17567.39,52,5,57,71,5,76,Nivea Cream V4,Beauty,Nivea,282.03,32,90.25,191.78,988,3.39,4.42,24
PROD001979,5.0,163875.6,12882.1,176757.7,54,5,59,64,5,69,Dove Soap V5,Beauty,Dove,3220.53,20,644.11,2576.42,94,3.56,4.49,35
PROD001980,4.0,90497.45,3493.5,93990.95,57,3,60,79,3,82,Plum Serum V3,Beauty,Plum,1338.51,13,174.01,1164.5,675,4.08,4.3,27
PROD001981,5.0,2771361.09,169054.55,2940415.6399999997,102,7,109,129,8,137,Nike T-shirt V4,Sports,Nike,24081.84,10,2408.18,21673.66,502,3.05,4.29,52
PROD001982,4.0,630250.77,132005.63,762256.4,84,13,97,92,20,112,Puma Shoes V9,Sports,Puma,10632.75,35,3721.46,6911.29,66,1.95,4.43,51
PROD001983,4.0,1404905.53,179541.85,1584447.3800000001,99,12,111,119,15,134,Decathlon Cycle V5,Sports,Decathlon,15155.43,21,3182.64,11972.79,129,3.69,4.27,60
PROD001984,4.0,1214390.3,93850.28,1308240.58,96,8,104,117,9,126,Yoga Mat V2,Sports,Yoga,11862.41,12,1423.49,10438.92,324,4.08,4.42,52
PROD001985,4.0,1402105.5699999998,140215.56,1542321.13,90,10,100,111,11,122,Dumbbells V1,Sports,Dumbbells,21993.04,42,9237.08,12755.96,952,3.75,4.28,43
PROD001986,5.0,49859.5,4132.5,53992.0,66,6,72,85,7,92,Fiction Novel V10,Books,Fiction,995.84,40,398.34,597.5,370,1.47,4.45,42
PROD001987,4.0,70568.85,7533.12,78101.97,65,6,71,75,8,83,NCERT Book V2,Books,NCERT,1655.84,42,695.45,960.39,495,1.7,4.45,33
PROD001988,5.0,48272.09,4609.35,52881.439999999995,80,9,89,112,10,122,Comics V1,Books,Comics,703.36,42,295.41,407.95,497,4.22,4.41,39
PROD001989,4.0,78536.68000000001,7392.8,85929.48000000001,69,6,75,86,8,94,Notebook V7,Books,Notebook,1224.15,24,293.8,930.35,251,2.76,4.32,38
PROD001990,4.0,59980.81999999999,6823.839999999999,66804.65999999999,74,9,83,87,10,97,Stationery Set V1,Books,Stationery,1055.02,34,358.71,696.31,781,1.95,4.47,40
PROD001991,3.0,165108.0,18697.73,183805.73,89,10,99,114,13,127,Aashirvaad Atta V10,Grocery,Aashirvaad,1554.0,6,93.24,1460.76,287,0.74,4.61,54
PROD001992,4.0,172010.4,21761.08,193771.47999999998,105,13,118,125,16,141,Fortune Oil V4,Grocery,Fortune,2621.21,47,1231.97,1389.24,324,4.22,4.4,48
PROD001993,4.0,240717.21,33137.479999999996,273854.69,117,14,131,145,20,165,Lays Chips V10,Grocery,Lays,2615.01,36,941.4,1673.61,987,1.1,4.4,62
PROD001994,4.0,28631.2,3130.66,31761.86,116,13,129,142,17,159,Nescafe Coffee V3,Grocery,Nescafe,272.14,44,119.74,152.4,804,0.86,4.4,70
PROD001995,4.0,123302.56,21580.96,144883.52,112,15,127,133,23,156,Haldiram Snacks V6,Grocery,Haldiram,1570.67,40,628.27,942.4,388,1.03,4.4,52
PROD001996,5.0,3641352.77,422098.58999999997,4063451.36,220,28,248,274,32,306,Samsung Mobile V4,Electronics,Samsung,20063.63,33,6621.0,13442.63,917,2.84,4.44,124
PROD001997,4.0,25276975.599999998,2961008.59,28237984.189999998,213,26,239,257,30,287,HP Laptop V8,Electronics,HP,139952.2,29,40586.14,99366.06,455,1.66,4.46,107
PROD001998,4.0,10882778.33,1018613.7799999999,11901392.11,209,19,228,256,24,280,boAt Headphones V6,Electronics,boAt,54875.77,22,12072.67,42803.1,701,1.03,4.34,106
PROD001999,4.0,16896141.24,2158402.53,19054543.77,200,26,226,250,32,282,Noise Watch V2,Electronics,Noise,124588.89,45,56065.0,68523.89,15,0.33,4.36,105
PROD002000,5.0,15374868.43,2118007.84,17492876.27,212,27,239,253,35,288,Apple iPhone V3,Electronics,Apple,96219.02,36,34638.85,61580.17,952,3.34,4.45,121
